Allo-,Ego,Allo+,Ts exit,Ts entry,Alley-,Inter,Alley+
1,2,2,2932498386,2932532135,2,A,0
2,1,2,2933766544,2934333988,0,B,4
2,1,2,2936503078,2939337042,4,C,6
2,2,3,2941372441,2942141080,6,D,7
3,1,3,2943376311,2944543629,7,H,9
3,2,4,2948849530,2949350042,9,L,10
4,1,4,2950251422,2950851013,10,K,13
4,1,4,2965765752,2966332032,13,J,15
4,2,1,2967499031,2968569601,15,I,16
1,1,1,2969570897,2970136526,16,E,2
1,2,2,2971771505,2975942503,2,A,0
2,1,2,2977476419,2977777556,0,B,4
2,1,2,2978845207,2979312852,4,C,6
2,2,3,2988421384,2988921326,6,D,7
3,2,4,2991691703,2992425018,7,H,8
2,2,3,2999231860,2999599283,8,H,9
3,2,4,3004570578,3004770142,9,L,10
4,1,4,3005405431,3005806108,10,K,13
2,4,1,3006339644,3006371953,13,K,11
1,2,2,3008409328,3009009679,11,G,8
4,2,1,3010209774,3010243158,8,G,5
3,2,4,3016448960,3016515362,5,G,12
2,2,3,3037036619,3037101693,12,G,11
3,2,4,3041741518,3041875213,11,K,13
4,2,1,3052517984,3053619265,13,J,14
3,2,4,3065765839,3065831996,14,J,15
2,4,1,3067067422,3084617244,15,J,14
1,2,2,3133766933,3134368122,14,F,12
2,1,2,3137002870,3137603288,12,G,8
4,2,1,3139805873,3139940259,8,G,5
1,2,2,3140506236,3141641519,5,C,6
4,1,4,3143276314,3146979767,6,C,4
2,2,3,3150148822,3150250597,4,C,5
3,1,3,3151316505,3151582799,5,G,11
3,4,2,3153119301,3153685784,11,K,10
4,1,4,3156021304,3156288544,10,K,13
4,2,1,3163094831,3163495978,13,J,14
1,2,2,3167634039,3168033987,14,F,12
4,2,1,3168634496,3168699983,12,F,3
1,2,2,3170336337,3170736336,3,B,4
2,1,2,3171904545,3172339239,4,C,6
2,2,3,3173238873,3177709814,6,D,7
3,1,3,3180746980,3181146172,7,H,9
3,2,4,3187219133,3187352295,9,L,10
4,1,4,3187752438,3188254078,10,K,13
4,2,1,3191992708,3192425196,13,J,14
1,4,4,3193927434,3195360880,14,F,1
4,4,3,3206806155,3207571165,1,E,16
1,2,2,3208974727,3209041552,16,E,1
2,1,2,3209941940,3211543538,1,F,12
2,1,2,3215714818,3216949967,12,G,8
4,2,1,3218650408,3218784941,8,G,5
1,2,2,3219985208,3220086236,5,C,6
2,2,3,3221252934,3221419481,6,D,7
3,1,3,3222321927,3222588010,7,H,9
3,2,4,3223455706,3223555913,9,L,10
4,1,4,3225857990,3226126303,10,K,13
4,1,4,3233564238,3234033330,13,J,15
4,2,1,3239004360,3239171451,15,I,16
1,1,1,3240105235,3240540515,16,E,2
1,2,2,3244876443,3245110822,2,A,0
2,1,2,3245545155,3245811795,0,B,4
2,3,4,3247179396,3250182288,4,C,4
2,3,4,3251051176,3252318492,4,C,4
2,1,2,3253052673,3253386333,4,C,6
4,4,3,3254386687,3254486668,6,C,5
3,2,4,3255521257,3255854678,5,G,12
4,1,4,3256956242,3257390198,12,F,1
2,2,3,3258624155,3258758791,1,F,14
3,4,2,3266632793,3267100322,14,J,13
2,4,1,3269134306,3269301321,13,K,11
3,4,2,3269802249,3270069791,11,K,10
4,2,1,3271237188,3271271056,10,K,11
1,2,2,3272638599,3273005019,11,G,8
4,2,1,3274740231,3274774162,8,G,5
1,2,2,3275239142,3275474983,5,C,6
2,2,3,3276742286,3279445621,6,D,7
3,1,3,3280178664,3280479565,7,H,9
3,2,4,3281612000,3282948405,9,L,10
4,1,4,3290722265,3290957156,10,K,13
4,1,4,3295694677,3296028338,13,J,15
4,2,1,3298697097,3298830579,15,I,16
1,1,1,3299364240,3299800122,16,E,2
3,4,2,3300466724,3300632572,2,E,1
2,3,4,3301801899,3307407872,1,F,1
2,2,3,3315480879,3316347916,1,F,14
3,4,2,3322955962,3324055930,14,J,13
2,2,3,3326191641,3326425271,12,G,11
1,2,2,3328127660,3328160593,11,G,8
4,2,1,3337903041,3338002451,8,G,5
1,2,2,3339038525,3339205150,5,C,6
2,2,3,3340038947,3340271112,6,D,7
3,1,3,3347713639,3348147005,7,H,9
3,2,4,3349348139,3349448478,9,L,10
4,1,4,3350282484,3350550137,10,K,13
4,1,4,3358758128,3359225596,13,J,15
4,2,1,3360526460,3360661616,15,I,16
1,1,1,3361026399,3361193175,16,E,2
3,4,2,3364530424,3364796376,2,E,1
4,4,3,3365496893,3365830470,1,E,16
1,1,1,3366565315,3368567901,16,E,2
1,2,2,3369235116,3369334112,2,A,0
2,1,2,3369734702,3369968507,0,B,4
2,1,2,3370802597,3371036227,4,C,6
4,4,3,3371970678,3372070771,6,C,5
3,1,3,3373205161,3373472794,5,G,11
1,4,4,3373905845,3373938176,11,G,12
4,2,1,3374740629,3375006665,12,F,3
3,2,4,3376741949,3376975581,3,F,1
4,2,1,3378980032,3379178273,1,E,2
1,2,2,3379711194,3379879255,2,A,0
2,1,2,3380212181,3380480201,0,B,4
2,1,2,3381281097,3381481413,4,C,6
2,2,3,3382513959,3387352361,6,D,7
3,1,3,3391556373,3391890645,7,H,9
3,2,4,3392791784,3392925649,9,L,10
4,1,4,3393658175,3393858624,10,K,13
4,1,4,3394894085,3395261371,13,J,15
2,4,1,3396361838,3396529084,15,J,14
3,2,4,3398397602,3398764501,14,J,15
4,2,1,3402167626,3402267170,15,I,16
1,1,1,3402701795,3402868847,16,E,2
1,2,2,3403669786,3403802864,2,A,0
2,1,2,3404469631,3404670470,0,B,4
2,1,2,3413645370,3413980510,4,C,6
4,4,3,3414881440,3415046070,6,C,5
3,2,4,3415881063,3416047800,5,G,12
4,2,1,3426725396,3427025156,12,F,3
3,2,4,3428226682,3428292947,3,F,1
2,2,3,3429695210,3429829449,1,F,14
3,4,2,3436002121,3436235915,14,J,13
4,2,1,3446578520,3446644786,13,J,14
3,2,4,3448813308,3448948110,14,J,15
4,2,1,3450381148,3451951931,15,I,16
1,1,1,3452383073,3452618080,16,E,2
1,2,2,3457488782,3457657240,2,A,0
2,1,2,3458024003,3458324276,0,B,4
2,1,2,3458989153,3459191878,4,C,6
2,2,3,3460459377,3461827101,6,D,7
3,1,3,3462393938,3462862066,7,H,9
3,2,4,3463861942,3463995420,9,L,10
4,1,4,3472570877,3472804432,10,K,13
4,2,1,3473638556,3473906257,13,J,14
1,1,1,3475807680,3476277055,14,F,3
3,1,3,3478410794,3479078298,3,F,14
1,2,2,3482849047,3482881170,14,F,12
4,2,1,3496127145,3496627277,12,F,3
1,2,2,3497396287,3497596765,3,B,4
2,1,2,3498364177,3498564025,4,C,6
4,4,3,3499631758,3499695525,6,C,5
3,1,3,3500332624,3500699141,5,G,11
3,2,4,3501967557,3502167664,11,K,13
4,2,1,3503302216,3503534921,13,J,14
1,1,1,3505637168,3506205256,14,F,3
1,2,2,3506971378,3507238780,3,B,4
2,1,2,3507906047,3508108885,4,C,6
2,2,3,3509174654,3509375130,6,D,7
3,1,3,3509741392,3510010185,7,H,9
3,2,4,3516047629,3518849887,9,L,10
4,1,4,3526391449,3526691898,10,K,13
4,2,1,3527859619,3528460065,13,J,14
1,2,2,3534065775,3534232827,14,F,12
2,1,2,3535267431,3535900752,12,G,8
2,2,3,3538035973,3538370628,8,H,9
3,2,4,3539539065,3539670383,9,L,10
4,1,4,3540604751,3540772536,10,K,13
4,2,1,3542407379,3542507976,13,J,14
3,2,4,3543876445,3543909985,14,J,15
4,2,1,3544376260,3544476575,15,I,16
1,1,1,3544776432,3544976597,16,E,2
1,2,2,3548614164,3548814014,2,A,0
2,1,2,3549114590,3549380812,0,B,4
2,1,2,3550015224,3550248103,4,C,6
4,4,3,3551050823,3551215984,6,C,5
3,1,3,3551750973,3551950675,5,G,11
1,2,2,3553485027,3553553454,11,G,8
2,2,3,3554419562,3557255550,8,H,9
3,2,4,3557823267,3557989210,9,L,10
4,2,1,3567499592,3567867559,10,K,11
3,2,4,3569734383,3569802195,11,K,13
4,1,4,3571903049,3572170378,13,J,15
2,4,1,3572903825,3573038328,15,J,14
1,2,2,3573338102,3574039161,14,F,12
2,2,3,3575574922,3575841126,12,G,11
1,2,2,3577141992,3577643192,11,G,8
4,2,1,3578442998,3579977255,8,G,5
1,2,2,3583581941,3583883094,5,C,6
2,2,3,3584783343,3585050097,6,D,7
3,1,3,3586186413,3586417727,7,H,9
3,2,4,3587286159,3587419158,9,L,10
4,1,4,3588186274,3588387039,10,K,13
4,2,1,3589955052,3590054982,13,J,14
1,1,1,3591857201,3592190516,14,F,3
1,2,2,3592824459,3593058402,3,B,4
2,3,4,3595027148,3598664128,4,C,4
2,1,2,3601500852,3609541244,4,C,6
4,4,3,3613044788,3613144919,6,C,5
1,4,4,3614346693,3614680089,5,C,4
4,1,4,3615947490,3616381700,4,B,0
4,4,3,3617282486,3617584108,0,A,2
1,2,2,3619017270,3624623275,2,A,0
2,1,2,3626658217,3626958732,0,B,4
2,2,3,3627760447,3628559564,4,C,5
3,2,4,3628994031,3629159993,5,G,12
4,1,4,3630996127,3631296143,12,F,1
2,2,3,3654986181,3655154535,1,F,14
1,2,2,3659490691,3659791515,14,F,12
2,1,2,3660958962,3661261265,12,G,8
2,2,3,3662060682,3662762424,8,H,9
3,2,4,3663663444,3663795285,9,L,10
4,1,4,3664495988,3664695881,10,K,13
4,2,1,3666197640,3666430915,13,J,14
3,2,4,3667532533,3668033026,14,J,15
2,4,1,3668533636,3668601057,15,J,14
1,2,2,3669667868,3669869267,14,F,12
4,2,1,3670868657,3670969879,12,F,3
3,2,4,3672071503,3672137564,3,F,1
4,2,1,3672704672,3672837093,1,E,2
1,2,2,3678142025,3678310308,2,A,0
2,1,2,3678978544,3679211183,0,B,4
2,1,2,3679845260,3680044867,4,C,6
4,4,3,3681146477,3681312482,6,C,5
3,1,3,3681680448,3681947545,5,G,11
3,2,4,3682547859,3682647087,11,K,13
4,2,1,3683984173,3684115735,13,J,14
3,2,4,3692491477,3692522626,14,J,15
4,2,1,3693057902,3693125879,15,I,16
1,2,2,3693492388,3693659013,16,E,1
2,2,3,3694760776,3695160030,1,F,14
1,2,2,3696328231,3696395456,14,F,12
2,2,3,3697062552,3697396265,12,G,11
1,2,2,3698597148,3698698347,11,G,8
4,2,1,3699865239,3700232173,8,G,5
1,2,2,3700700604,3700900034,5,C,6
2,2,3,3704234830,3708706692,6,D,7
3,1,3,3711810898,3712211836,7,H,9
3,2,4,3718650572,3718784225,9,L,10
4,1,4,3728861978,3729061068,10,K,13
4,2,1,3737903240,3738103182,13,J,14
1,1,1,3738970377,3739170757,14,F,3
1,2,2,3739704212,3739904634,3,B,4
2,3,4,3742473914,3743541484,4,C,4
2,3,4,3744142057,3746744506,4,C,4
2,1,2,3750481558,3750751069,4,C,6
2,2,3,3751582440,3751816959,6,D,7
3,1,3,3752583084,3757555905,7,H,9
3,2,4,3760759328,3760892196,9,L,10
4,2,1,3761860476,3762060126,10,K,11
1,2,2,3763062299,3763795126,11,G,8
4,2,1,3764562452,3764629680,8,G,5
1,4,4,3765062408,3766130283,5,C,4
4,1,4,3766597908,3767131142,4,B,0
2,2,3,3768532351,3768567020,0,B,3
1,2,2,3769502235,3769601270,3,B,4
2,1,2,3770435265,3770769393,4,C,6
4,4,3,3771569813,3771702962,6,C,5
3,1,3,3772003256,3772238206,5,G,11
3,2,4,3772937279,3773037557,11,K,13
4,1,4,3774239829,3774539140,13,J,15
2,4,1,3775272787,3775340345,15,J,14
1,2,2,3780012167,3780311566,14,F,12
2,2,3,3781013117,3781246141,12,G,11
1,2,2,3782413530,3782547763,11,G,8
4,2,1,3782781196,3783014592,8,G,5
1,4,4,3783447356,3787585952,5,C,4
4,1,4,3788286073,3788586979,4,B,0
2,2,3,3791023704,3791055920,0,B,3
3,1,3,3791456393,3791723216,3,F,14
3,2,4,3793457740,3793792273,14,J,15
4,2,1,3794826898,3794960072,15,I,16
1,1,1,3795259568,3795459740,16,E,2
1,2,2,3796294637,3796361318,2,A,0
2,1,2,3797128524,3797328624,0,B,4
2,2,3,3798061417,3798593426,4,C,5
3,1,3,3799063863,3799297649,5,G,11
3,4,2,3799798041,3800498931,11,K,10
2,3,4,3802266861,3805202942,10,L,10
4,2,1,3805570590,3805704036,10,K,11
1,1,1,3806636959,3806938241,11,G,5
3,2,4,3809273253,3809341907,5,G,12
4,1,4,3810375893,3810841735,12,F,1
2,2,3,3828693115,3828760297,1,F,14
1,2,2,3830061941,3830261381,14,F,12
2,2,3,3831029778,3831296319,12,G,11
1,2,2,3832131193,3832232124,11,G,8
2,2,3,3832764707,3833098205,8,H,9
3,2,4,3833965074,3834098107,9,L,10
4,1,4,3834967100,3835233738,10,K,13
4,2,1,3840171764,3840338491,13,J,14
1,2,2,3848347235,3848513140,14,F,12
4,2,1,3849448027,3849613660,12,F,3
1,2,2,3850348865,3850515762,3,B,4
2,1,2,3851150202,3851682859,4,C,6
2,2,3,3852417490,3854786465,6,D,7
3,1,3,3857956376,3858289466,7,H,9
3,2,4,3859525585,3859623461,9,L,10
4,1,4,3860292268,3860525511,10,K,13
4,2,1,3867467007,3867666223,13,J,14
1,1,1,3874272766,3874505352,14,F,3
1,2,2,3875039117,3875206174,3,B,4
2,1,2,3875874334,3876107993,4,C,6
2,2,3,3877241244,3877507926,6,D,7
3,2,4,3882014711,3882581902,7,H,8
2,2,3,3884649397,3884715968,8,H,9
3,2,4,3886050454,3886184640,9,L,10
4,1,4,3887052297,3888754098,10,K,13
4,2,1,3891922450,3892090333,13,J,14
1,1,1,3895025991,3895293606,14,F,3
1,2,2,3895961619,3896127436,3,B,4
2,1,2,3896795230,3897027251,4,C,6
2,2,3,3898028813,3898263051,6,D,7
3,2,4,3899764755,3899965649,7,H,8
4,2,1,3901666407,3901801408,8,G,5
3,2,4,3903168896,3903234331,5,G,12
2,2,3,3917583828,3917748727,12,G,11
3,2,4,3919519335,3919618110,11,K,13
4,2,1,3922821300,3922987999,13,J,14
1,1,1,3925891126,3927091414,14,F,3
3,2,4,3929159796,3929226824,3,F,1
4,2,1,3930861731,3931061830,1,E,2
1,2,2,3935166585,3935332151,2,A,0
2,1,2,3935967138,3936167537,0,B,4
2,1,2,3937301800,3938201885,4,C,6
2,2,3,3943441236,3943743365,6,D,7
3,1,3,3945009915,3945343816,7,H,9
3,2,4,3946445529,3946545105,9,L,10
4,1,4,3947446054,3947678996,10,K,13
4,2,1,3951816754,3952582916,13,J,14
1,1,1,3955954483,3956220237,14,F,3
1,2,2,3956788663,3956955285,3,B,4
2,1,2,3957656493,3957889066,4,C,6
4,4,3,3958922694,3959056373,6,C,5
3,2,4,3960291375,3960359202,5,G,12
4,1,4,3972271637,3973137755,12,F,1
4,2,1,3975006382,3975273394,1,E,2
1,2,2,3976140027,3976241035,2,A,0
2,1,2,3976808983,3977008285,0,B,4
2,2,3,3978143084,3981012110,4,C,5
1,4,4,3981612907,3983247855,5,C,4
2,1,2,3986385107,3986652214,4,C,6
4,4,3,3987951789,3987986030,6,C,5
3,2,4,3988852868,3989020077,5,G,12
2,2,3,3990288663,3990355045,12,G,11
1,2,2,3991756855,3991890950,11,G,8
2,2,3,3992725409,3993091276,8,H,9
3,2,4,3994293190,3996160414,9,L,10
4,1,4,4005636405,4006037396,10,K,13
4,2,1,4014445330,4014612250,13,J,14
1,2,2,4021886592,4025456443,14,F,12
4,2,1,4035000325,4036368031,12,F,3
3,2,4,4037468408,4038169738,3,F,1
4,2,1,4038969908,4039037640,1,E,2
1,2,2,4039870154,4040004658,2,A,0
2,1,2,4040371232,4040638682,0,B,4
2,2,3,4041273358,4041940690,4,C,5
3,2,4,4042806487,4043042101,5,G,12
2,2,3,4044141080,4044275699,12,G,11
3,2,4,4045209611,4045444041,11,K,13
4,2,1,4047111406,4047311312,13,J,14
1,2,2,4050781883,4050981886,14,F,12
1,2,2,4098696798,4098762812,2,A,0
2,1,2,4099363698,4099597776,0,B,4
4,1,4,4100665313,4101265203,4,B,0
2,2,3,4102634210,4102701620,0,B,3
3,2,4,4103234301,4103469071,3,F,1
4,2,1,4104236138,4104301601,1,E,2
1,2,2,4105736344,4105903950,2,A,0
2,1,2,4106337517,4106538367,0,B,4
2,2,3,4107104485,4107672084,4,C,5
3,2,4,4108272534,4108407692,5,G,12
2,2,3,4109708270,4109808476,12,G,11
1,2,2,4110709631,4110809769,11,G,8
2,2,3,4111410316,4111842730,8,H,9
3,2,4,4112876945,4117180747,9,L,10
4,1,4,4120484188,4120718637,10,K,13
4,2,1,4121486584,4121653273,13,J,14
1,1,1,4130494950,4130860268,14,F,3
3,2,4,4131996060,4132096329,3,F,1
4,2,1,4132796552,4132897675,1,E,2
1,2,2,4134099131,4134198779,2,A,0
2,1,2,4134899250,4135098989,0,B,4
2,2,3,4135800216,4136301087,4,C,5
3,2,4,4137603318,4137736228,5,G,12
4,2,1,4139637945,4139738019,12,F,3
3,2,4,4140404110,4140504887,3,F,1
4,2,1,4141472734,4141540134,1,E,2
1,2,2,4142341022,4142406635,2,A,0
2,1,2,4143307700,4143542894,0,B,4
2,2,3,4144176551,4144476097,4,C,5
3,1,3,4145409598,4145676751,5,G,11
3,2,4,4146445648,4146577877,11,K,13
4,2,1,4152250082,4152550531,13,J,14
1,2,2,4154753025,4155286021,14,F,12
2,1,2,4156353951,4156654471,12,G,8
2,2,3,4157088922,4157555074,8,H,9
3,2,4,4158457169,4158623273,9,L,10
4,1,4,4159491263,4159691299,10,K,13
4,2,1,4161526044,4161693843,13,J,14
1,1,1,4167832987,4168166009,14,F,3
1,2,2,4168733603,4168899928,3,B,4
2,2,3,4169567233,4169868834,4,C,5
3,1,3,4170701754,4171001247,5,G,11
1,2,2,4172569924,4172704455,11,G,8
2,2,3,4191055098,4191490079,8,H,9
3,2,4,4192689794,4192790193,9,L,10
4,2,1,4196926804,4197126780,10,K,11
1,2,2,4198394973,4198662308,11,G,8
4,2,1,4218383093,4219649122,8,G,5
3,2,4,4222353947,4222452792,5,G,12
4,1,4,4223687968,4224088505,12,F,1
4,2,1,4225290111,4225356671,1,E,2
1,2,2,4226223482,4226290912,2,A,0
2,1,2,4226891097,4227091184,0,B,4
2,2,3,4227758773,4227926172,4,C,5
1,2,2,4228960018,4229059407,5,C,6
2,2,3,4234398922,4240738774,6,D,7
3,2,4,4243841871,4244175007,7,H,8
2,2,3,4260058696,4260224234,8,H,9
3,2,4,4261391183,4261559889,9,L,10
4,2,1,4262326717,4262525590,10,K,11
1,1,1,4263561676,4263827700,11,G,5
1,2,2,4264362078,4264562998,5,C,6
2,2,3,4272136194,4272469350,6,D,7
3,2,4,4273571840,4273838086,7,H,8
4,2,1,4275839735,4275907078,8,G,5
3,2,4,4277274990,4277308513,5,G,12
4,1,4,4278609123,4279176801,12,F,1
4,2,1,4280278244,4280344877,1,E,2
1,2,2,4281344965,4281478854,2,A,0
2,1,2,4282146660,4282345129,0,B,4
2,1,2,4294324363,4294693555,4,C,6
4,4,3,4295793146,4295893970,6,C,5
3,2,4,4296728025,4296894181,5,G,12
4,2,1,4297828664,4298196218,12,F,3
3,2,4,4299395605,4299463302,3,F,1
4,2,1,4300130543,4300198990,1,E,2
1,2,2,4301164063,4301264762,2,A,0
2,1,2,4301699527,4301965405,0,B,4
2,1,2,4303233172,4304768686,4,C,6
2,2,3,4306870903,4310574820,6,D,7
3,1,3,4313744364,4314213589,7,H,9
3,2,4,4316079971,4316214330,9,L,10
4,1,4,4317014736,4317281036,10,K,13
4,2,1,4325021906,4325123797,13,J,14
3,2,4,4330994945,4331095611,14,J,15
4,2,1,4332195779,4332330139,15,I,16
1,1,1,4332697316,4332863723,16,E,2
1,2,2,4333363981,4333463947,2,A,0
2,1,2,4333832219,4334097089,0,B,4
2,2,3,4334898462,4335134160,4,C,5
3,2,4,4337067421,4337136195,5,G,12
4,1,4,4338602702,4339336444,12,F,1
4,2,1,4340170351,4340203334,1,E,2
1,2,2,4341071081,4341138916,2,A,0
2,1,2,4341605747,4341839193,0,B,4
2,1,2,4342439818,4342740284,4,C,6
4,4,3,4343773968,4343874183,6,C,5
3,1,3,4344375412,4344575342,5,G,11
1,2,2,4345743721,4351014964,11,G,8
4,2,1,4366331413,4366564899,8,G,5
3,2,4,4366864277,4366932092,5,G,12
4,2,1,4368766900,4369099952,12,F,3
3,2,4,4369799485,4369867594,3,F,1
4,2,1,4371268501,4371335805,1,E,2
1,2,2,4372336060,4372403432,2,A,0
2,1,2,4372869565,4373103299,0,B,4
2,1,2,4373838189,4374305320,4,C,6
4,4,3,4374973754,4375038549,6,C,5
3,1,3,4375640447,4375840257,5,G,11
3,2,4,4376439946,4376506370,11,K,13
4,2,1,4393691547,4393991434,13,J,14
1,1,1,4395592976,4395825648,14,F,3
1,2,2,4396360705,4396527497,3,B,4
2,1,2,4397895116,4398228778,4,C,6
2,2,3,4399430326,4406771132,6,D,7
3,1,3,4409840486,4410340444,7,H,9
3,2,4,4411241386,4411341340,9,L,10
4,1,4,4412209852,4412443591,10,K,13
4,2,1,4416346031,4416513945,13,J,14
1,2,2,4433998117,4434197805,14,F,12
2,1,2,4435199205,4435833598,12,G,8
4,2,1,4437702172,4438168436,8,G,5
3,2,4,4440171182,4440237233,5,G,12
4,1,4,4441304719,4441671627,12,F,1
4,2,1,4458556219,4458656349,1,E,2
1,2,2,4464894977,4465095824,2,A,0
2,1,2,4465463012,4465729925,0,B,4
2,2,3,4466429806,4466630773,4,C,5
3,2,4,4468332853,4468465790,5,G,12
2,2,3,4469533078,4469633973,12,G,11
3,2,4,4470167763,4470301323,11,K,13
4,2,1,4472002005,4472136052,13,J,14
3,2,4,4479843362,4479877325,14,J,15
4,2,1,4481144432,4481245050,15,I,16
1,1,1,4481545234,4481713219,16,E,2
1,2,2,4482412293,4482479671,2,A,0
2,1,2,4483079636,4483280805,0,B,4
2,3,4,4484882412,4489353028,4,C,4
2,1,2,4489920780,4490353872,4,C,6
2,2,3,4491755639,4495893363,6,D,7
3,1,3,4498896579,4502800443,7,H,9
3,2,4,4506069758,4506237029,9,L,10
4,1,4,4507137199,4507337267,10,K,13
4,2,1,4508271627,4508371744,13,J,14
1,1,1,4510173956,4510508615,14,F,3
1,2,2,4511174406,4511408664,3,B,4
2,3,4,4513577955,4518249234,4,C,4
2,1,2,4519150211,4519449214,4,C,6
2,2,3,4521251482,4521519042,6,D,7
3,1,3,4522853604,4523220882,7,H,9
3,2,4,4524621977,4524723051,9,L,10
4,1,4,4525423288,4525622715,10,K,13
4,2,1,4526623985,4526756136,13,J,14
1,1,1,4528325193,4528526150,14,F,3
1,2,2,4528892982,4529059245,3,B,4
2,1,2,4529893968,4530193853,4,C,6
4,4,3,4531294560,4531396308,6,C,5
3,2,4,4532195998,4532663724,5,G,12
4,1,4,4533998970,4534498474,12,F,1
4,2,1,4549446108,4549479420,1,E,2
1,2,2,4553816972,4553984712,2,A,0
2,1,2,4554384519,4554685135,0,B,4
2,3,4,4556186662,4559689267,4,C,4
2,2,3,4560023210,4560723909,4,C,5
3,1,3,4561458719,4561692360,5,G,11
3,2,4,4563160668,4563327783,11,K,13
4,2,1,4564393969,4564494955,13,J,14
1,1,1,4580143768,4580410484,14,F,3
3,2,4,4583681054,4583780609,3,F,1
4,2,1,4585615028,4585683357,1,E,2
1,2,2,4586484793,4586551204,2,A,0
2,1,2,4586951609,4587184210,0,B,4
2,1,2,4587887224,4588318764,4,C,6
2,2,3,4620118167,4624421816,6,D,7
3,1,3,4627591424,4628091577,7,H,9
3,2,4,4634664351,4634797522,9,L,10
4,1,4,4635732512,4636065790,10,K,13
4,2,1,4637601047,4637768156,13,J,14
1,2,2,4639636189,4640238101,14,F,12
2,1,2,4641371753,4641671174,12,G,8
2,2,3,4643673773,4644274487,8,H,9
3,2,4,4645608094,4645709228,9,L,10
4,1,4,4646576640,4646776504,10,K,13
4,2,1,4648746012,4648812100,13,J,14
1,1,1,4652783003,4652983205,14,F,3
1,2,2,4653383070,4653550170,3,B,4
2,1,2,4654317957,4654817902,4,C,6
4,4,3,4655718741,4655752511,6,C,5
3,2,4,4656486186,4656721038,5,G,12
4,1,4,4658354927,4658689016,12,F,1
4,2,1,4672302979,4672402400,1,E,2
1,2,2,4673270308,4673370404,2,A,0
2,1,2,4673969933,4674203769,0,B,4
2,2,3,4674904492,4675139118,4,C,5
3,1,3,4676039959,4676239322,5,G,11
1,4,4,4676873889,4677041298,11,G,12
4,1,4,4677775249,4678108626,12,F,1
2,2,3,4680511023,4680611532,1,F,14
3,2,4,4686416880,4686718414,14,J,15
2,1,2,4687751465,4688051986,15,J,13
4,2,1,4690388236,4690488932,13,J,14
1,1,1,4691254795,4691520032,14,F,3
1,2,2,4692189210,4692356458,3,B,4
2,1,2,4693122851,4693423177,4,C,6
2,2,3,4702166680,4702364950,6,D,7
3,1,3,4703334233,4703667328,7,H,9
3,2,4,4704834785,4704968806,9,L,10
4,1,4,4706237128,4706537281,10,K,13
4,2,1,4707905975,4708071918,13,J,14
1,2,2,4709473542,4710139948,14,F,12
2,1,2,4711374286,4715278969,12,G,8
2,2,3,4733832955,4734264884,8,H,9
3,2,4,4735433499,4735564635,9,L,10
4,1,4,4736501161,4736700959,10,K,13
4,2,1,4737935611,4738069221,13,J,14
1,1,1,4746775723,4746977172,14,F,3
1,2,2,4747377714,4747544746,3,B,4
2,1,2,4748378641,4748646508,4,C,6
2,2,3,4751415312,4751681987,6,D,7
3,1,3,4752515348,4752783030,7,H,9
3,2,4,4754418787,4754518223,9,L,10
4,1,4,4756086856,4756786445,10,K,13
4,2,1,4758588330,4758656590,13,J,14
1,1,1,4762960800,4763160563,14,F,3
1,2,2,4763827560,4763994754,3,B,4
2,1,2,4764693280,4765262983,4,C,6
4,4,3,4766062701,4766196575,6,C,5
3,2,4,4767030223,4767197782,5,G,12
4,1,4,4768631510,4768898088,12,F,1
4,2,1,4779709091,4779776281,1,E,2
1,2,2,4780744109,4780810865,2,A,0
2,1,2,4781312466,4781579884,0,B,4
2,2,3,4782345390,4783012700,4,C,5
3,1,3,4783847466,4784114608,5,G,11
1,2,2,4786016124,4786150331,11,G,8
2,2,3,4787317073,4788452629,8,H,9
3,2,4,4789586707,4789718804,9,L,10
4,2,1,4798362115,4802231149,10,K,11
3,2,4,4805836073,4805869046,11,K,13
4,2,1,4807770913,4807871097,13,J,14
1,2,2,4812911425,4813043332,14,F,12
2,1,2,4814612397,4815044793,12,G,8
4,2,1,4818081719,4818182205,8,G,5
1,2,2,4819082910,4819282704,5,C,6
2,2,3,4821118810,4827556261,6,D,7
3,1,3,4830593388,4830959854,7,H,9
3,2,4,4832496612,4832596901,9,L,10
4,1,4,4833197735,4833631825,10,K,13
2,4,1,4834664747,4835031436,13,K,11
1,1,1,4835365771,4835664524,11,G,5
3,2,4,4837133940,4837200505,5,G,12
4,1,4,4849313121,4849646535,12,F,1
4,2,1,4850714978,4850780197,1,E,2
1,2,2,4851514804,4851649327,2,A,0
2,1,2,4852048391,4852283106,0,B,4
2,3,4,4853450644,4859221932,4,C,4
2,1,2,4861658916,4861991962,4,C,6
2,3,4,4867531848,4868097853,6,D,6
2,2,3,4869668567,4869967165,6,D,7
3,2,4,4871435236,4872070619,7,H,8
4,2,1,4873003790,4873203186,8,G,5
3,2,4,4874472164,4874504843,5,G,12
4,1,4,4875605422,4875872433,12,F,1
4,2,1,4876739397,4876806140,1,E,2
1,2,2,4877708412,4877774792,2,A,0
2,1,2,4878240570,4878507840,0,B,4
2,1,2,4879442339,4879675187,4,C,6
2,2,3,4881378826,4883880764,6,D,7
3,1,3,4884448112,4884881765,7,H,9
3,2,4,4886014856,4886149101,9,L,10
4,1,4,4886584785,4886817133,10,K,13
4,1,4,4887486131,4887784929,13,J,15
2,4,1,4888686065,4888851849,15,J,14
1,1,1,4899796248,4900096760,14,F,3
1,2,2,4900463145,4900664002,3,B,4
2,1,2,4901299100,4901531309,4,C,6
4,4,3,4902465577,4902565825,6,C,5
3,2,4,4904001380,4904133701,5,G,12
4,2,1,4914111631,4914210498,12,F,3
3,2,4,4914979180,4915044327,3,F,1
4,2,1,4916747116,4916879770,1,E,2
1,2,2,4917813902,4917948396,2,A,0
2,1,2,4918315114,4918581322,0,B,4
2,3,4,4920350271,4925187673,4,C,4
2,1,2,4928092417,4928425211,4,C,6
4,4,3,4929493339,4929593883,6,C,5
3,2,4,4930458982,4930594275,5,G,12
2,2,3,4933562849,4933997079,12,G,11
1,2,2,4935164832,4935299401,11,G,8
4,2,1,4936766205,4937066699,8,G,5
3,2,4,4938769118,4938836055,5,G,12
4,1,4,4939403358,4939869705,12,F,1
4,2,1,4941271275,4941339231,1,E,2
1,2,2,4942271675,4942372203,2,A,0
2,1,2,4942771862,4943040967,0,B,4
2,1,2,4943874746,4944106695,4,C,6
2,2,3,4945243621,4945476646,6,D,7
3,2,4,4946509744,4946811054,7,H,8
4,2,1,4948245782,4948444735,8,G,5
3,2,4,4949480221,4949547480,5,G,12
4,1,4,4950813646,4951114660,12,F,1
4,2,1,4952150225,4952215135,1,E,2
1,2,2,4953149175,4953249956,2,A,0
2,1,2,4953683905,4953984249,0,B,4
2,1,2,4954751649,4955052026,4,C,6
2,2,3,4956185233,4956386605,6,D,7
3,1,3,4957320311,4957620888,7,H,9
3,2,4,4959223964,4959355723,9,L,10
4,1,4,4960723980,4960923392,10,K,13
4,2,1,4962159073,4962325145,13,J,14
1,1,1,4970333696,4970567179,14,F,3
1,2,2,4971268600,4971501639,3,B,4
2,2,3,4972269460,4972535593,4,C,5
3,1,3,4973837119,4974070207,5,G,11
1,4,4,4974670985,4974738136,11,G,12
4,2,1,4979608614,4979809086,12,F,3
3,2,4,4980509489,4980609534,3,F,1
4,2,1,4982712139,4982746293,1,E,2
1,2,2,4983647050,4983747538,2,A,0
2,1,2,4984182025,4984414923,0,B,4
2,1,2,4985915910,4986149164,4,C,6
2,2,3,4990052992,4990319735,6,D,7
3,2,4,4998961950,4999228986,7,H,8
4,2,1,4999962126,5000228958,8,G,5
3,2,4,5001598586,5001665175,5,G,12
4,1,4,5002732862,5003000281,12,F,1
4,2,1,5004100917,5004133812,1,E,2
1,2,2,5004935053,5005035064,2,A,0
2,1,2,5005402636,5005603274,0,B,4
2,1,2,5006403226,5006636766,4,C,6
4,4,3,5007503449,5007569896,6,C,5
3,2,4,5008371423,5008938868,5,G,12
4,1,4,5009907059,5010173337,12,F,1
2,2,3,5012976273,5014678126,1,F,14
3,2,4,5015644824,5015913316,14,J,15
4,2,1,5017081094,5017281114,15,I,16
1,1,1,5017579787,5017814857,16,E,2
3,4,2,5019049134,5019148926,2,E,1
2,1,2,5019616342,5019916772,1,F,12
2,1,2,5020717924,5033695852,12,G,8
4,2,1,5042006043,5042439493,8,G,5
3,2,4,5044440764,5044507761,5,G,12
4,1,4,5045408643,5045709437,12,F,1
4,2,1,5048144668,5048245492,1,E,2
1,2,2,5049045131,5049145625,2,A,0
2,1,2,5049478666,5049746202,0,B,4
2,1,2,5050446486,5050680120,4,C,6
2,2,3,5051881757,5052148993,6,D,7
3,1,3,5053616709,5057054325,7,H,9
3,2,4,5060357756,5060491028,9,L,10
4,1,4,5060958150,5061224314,10,K,13
4,2,1,5070167999,5070300471,13,J,14
1,1,1,5072268908,5072536046,14,F,3
1,2,2,5073069162,5073271507,3,B,4
2,1,2,5074070418,5074336615,4,C,6
4,4,3,5075337836,5075438331,6,C,5
3,2,4,5076439293,5076607069,5,G,12
4,1,4,5077875247,5078108388,12,F,1
4,2,1,5091120971,5091219615,1,E,2
1,2,2,5092089204,5092189212,2,A,0
2,1,2,5092522226,5092789686,0,B,4
2,2,3,5093589812,5093823909,4,C,5
3,1,3,5095592185,5096359345,5,G,11
1,2,2,5097794638,5103565866,11,G,8
4,2,1,5108170879,5108404395,8,G,5
3,2,4,5111441326,5111508782,5,G,12
4,1,4,5112408809,5112910133,12,F,1
2,2,3,5114144954,5114711802,1,F,14
3,4,2,5115578696,5116647307,14,J,13
4,2,1,5122985904,5123053228,13,J,14
1,1,1,5123787162,5124320907,14,F,3
1,2,2,5125488918,5125588752,3,B,4
2,3,4,5127024237,5132262618,4,C,4
2,1,2,5133463811,5133796181,4,C,6
2,2,3,5141504612,5147476971,6,D,7
3,1,3,5150513481,5150979977,7,H,9
3,2,4,5157321678,5157486833,9,L,10
4,1,4,5157921262,5158288553,10,K,13
4,2,1,5159288272,5159387943,13,J,14
1,1,1,5161024224,5161258030,14,F,3
3,2,4,5163260346,5163325924,3,F,1
4,2,1,5164894810,5164961607,1,E,2
1,2,2,5171268837,5171434572,2,A,0
2,1,2,5171768687,5172034630,0,B,4
2,1,2,5180775917,5181077956,4,C,6
2,2,3,5189787147,5190053605,6,D,7
3,2,4,5191121231,5191988262,7,H,8
4,2,1,5211541358,5211841458,8,G,5
3,2,4,5213376913,5213442233,5,G,12
2,2,3,5214811474,5214878545,12,G,11
1,2,2,5215645142,5215778769,11,G,8
2,2,3,5228724724,5229025955,8,H,9
3,2,4,5230227033,5230394041,9,L,10
4,1,4,5232327562,5232761423,10,K,13
4,2,1,5236298377,5236433789,13,J,14
1,1,1,5237934933,5238168301,14,F,3
1,2,2,5238835626,5239035572,3,B,4
2,1,2,5240204133,5240669261,4,C,6
2,2,3,5247510659,5247810412,6,D,7
3,1,3,5255684598,5256385494,7,H,9
1,4,4,5257554398,5257788137,9,H,8
4,2,1,5258956648,5259088207,8,G,5
3,2,4,5261423958,5261489871,5,G,12
4,1,4,5263693442,5264326943,12,F,1
4,2,1,5266362433,5266429113,1,E,2
1,2,2,5271133336,5271368488,2,A,0
2,1,2,5271734838,5272001136,0,B,4
2,1,2,5272769562,5273001925,4,C,6
4,4,3,5274004261,5274136124,6,C,5
3,2,4,5275103501,5275204212,5,G,12
4,1,4,5289518781,5289819450,12,F,1
4,2,1,5292021628,5292088225,1,E,2
1,2,2,5292988673,5293121794,2,A,0
2,1,2,5293455678,5293723331,0,B,4
2,1,2,5294590342,5295057915,4,C,6
4,4,3,5295993508,5296026081,6,C,5
3,2,4,5297025491,5297127613,5,G,12
2,2,3,5303733106,5303932787,12,G,11
1,2,2,5304200264,5304300881,11,G,8
2,2,3,5305969093,5306335999,8,H,9
3,2,4,5308037911,5308170417,9,L,10
4,1,4,5308970719,5309238664,10,K,13
4,2,1,5312241076,5312308329,13,J,14
1,1,1,5323920072,5324185901,14,F,3
1,2,2,5324987887,5325222198,3,B,4
2,2,3,5326122476,5326322208,4,C,5
1,2,2,5327990441,5328190182,5,C,6
2,2,3,5329993174,5330293883,6,D,7
3,2,4,5331794628,5331928823,7,H,8
4,2,1,5333631294,5339936381,8,G,5
3,2,4,5343505902,5343572780,5,G,12
4,1,4,5363560236,5364193237,12,F,1
4,2,1,5365928755,5366029274,1,E,2
1,2,2,5370833670,5371034254,2,A,0
2,1,2,5371401793,5371701458,0,B,4
2,2,3,5372435098,5372636098,4,C,5
1,2,2,5374137962,5374471869,5,C,6
2,2,3,5375337911,5375572128,6,D,7
3,1,3,5376573433,5376905778,7,H,9
1,4,4,5378174461,5378341166,9,H,8
4,2,1,5379375919,5379542593,8,G,5
3,2,4,5380509316,5380543551,5,G,12
4,1,4,5382177774,5382512508,12,F,1
4,2,1,5383612736,5383646014,1,E,2
1,2,2,5388451777,5388617934,2,A,0
2,1,2,5388984859,5389252160,0,B,4
2,1,2,5390219401,5390520236,4,C,6
2,2,3,5392089561,5392288793,6,D,7
3,1,3,5392956098,5393289347,7,H,9
1,4,4,5393790564,5393989415,9,H,8
4,2,1,5394957918,5395158190,8,G,5
3,2,4,5396526499,5396592645,5,G,12
2,2,3,5398794013,5398862489,12,G,11
1,2,2,5400396606,5400462888,11,G,8
4,2,1,5402098322,5402298177,8,G,5
1,2,2,5403531684,5403766947,5,C,6
2,2,3,5406133607,5406369350,6,D,7
3,1,3,5407169143,5407469906,7,H,9
1,4,4,5408871945,5408972115,9,H,8
4,2,1,5409472201,5409539503,8,G,5
3,2,4,5411074826,5411107272,5,G,12
4,1,4,5412242356,5412541257,12,F,1
2,2,3,5414711320,5414777815,1,F,14
3,2,4,5416113068,5416545351,14,J,15
2,1,2,5417813897,5418113238,15,J,13
4,2,1,5427024029,5427056912,13,J,14
1,1,1,5428289678,5428592067,14,F,3
1,2,2,5429258144,5429491902,3,B,4
2,1,2,5430491602,5430893474,4,C,6
2,2,3,5432160727,5432462366,6,D,7
3,1,3,5433463583,5433963818,7,H,9
3,2,4,5435197672,5435331920,9,L,10
4,1,4,5435866135,5436098988,10,K,13
4,2,1,5438768100,5438901280,13,J,14
3,2,4,5442004974,5442070155,14,J,15
4,2,1,5442504520,5442605393,15,I,16
1,1,1,5442972995,5443173000,16,E,2
1,2,2,5443905569,5444073435,2,A,0
2,1,2,5444507619,5444774171,0,B,4
2,1,2,5445609758,5445843158,4,C,6
2,2,3,5447276941,5447476399,6,D,7
3,2,4,5448445241,5449112476,7,H,8
4,2,1,5452515603,5452615140,8,G,5
3,2,4,5454383097,5454417105,5,G,12
4,2,1,5455451982,5455517528,12,F,3
3,2,4,5455752647,5458955946,3,F,1
4,2,1,5470465510,5470567925,1,E,2
1,2,2,5471668247,5471800489,2,A,0
2,1,2,5472234797,5472468936,0,B,4
2,1,2,5473668771,5473837145,4,C,6
4,4,3,5474603289,5474771717,6,C,5
3,2,4,5475571495,5475772644,5,G,12
4,1,4,5477239026,5477739657,12,F,1
2,2,3,5479139848,5479275619,1,F,14
1,2,2,5487450975,5487584134,14,F,12
2,1,2,5488350632,5488684653,12,G,8
2,2,3,5490052840,5490451996,8,H,9
3,2,4,5491620048,5491789273,9,L,10
4,1,4,5492622007,5492855672,10,K,13
4,2,1,5494422809,5494623540,13,J,14
1,1,1,5498260615,5498459679,14,F,3
1,2,2,5499495292,5499663133,3,B,4
2,2,3,5500396267,5500629789,4,C,5
3,1,3,5502898630,5503131990,5,G,11
1,4,4,5503766302,5503867007,11,G,12
4,2,1,5504734088,5504967430,12,F,3
3,2,4,5505768914,5505803266,3,F,1
2,2,3,5507304772,5507570784,1,F,14
3,4,2,5508604663,5509372193,14,J,13
2,4,1,5552048374,5552180500,13,K,11
3,2,4,5555851601,5555984195,11,K,13
2,4,1,5558788665,5558856512,13,K,11
1,1,1,5559356086,5559688570,11,G,5
3,2,4,5560956226,5561024110,5,G,12
2,2,3,5561990702,5562059005,12,G,11
3,2,4,5563325937,5564593505,11,K,13
4,2,1,5577840803,5577974064,13,J,14
1,2,2,5580009112,5580376588,14,F,12
2,1,2,5581611060,5581878240,12,G,8
2,2,3,5582912177,5583312760,8,H,9
3,2,4,5584013097,5584146280,9,L,10
4,1,4,5585180105,5585848861,10,K,13
2,4,1,5590386104,5590453229,13,K,11
1,1,1,5590652240,5591789286,11,G,5
3,2,4,5592822353,5592889529,5,G,12
2,2,3,5600962262,5601230345,12,G,11
3,2,4,5602631628,5602831921,11,K,13
4,2,1,5608805076,5608971054,13,J,14
1,2,2,5609704994,5609971548,14,F,12
4,2,1,5610539798,5610605860,12,F,3
1,2,2,5611139835,5611339205,3,B,4
2,2,3,5614911139,5615078299,12,G,11
3,2,4,5616613612,5616713519,11,K,13
2,4,1,5621784456,5621819316,13,K,11
1,1,1,5622152051,5622918567,11,G,5
3,2,4,5623451904,5623486437,5,G,12
2,2,3,5623652624,5623752165,12,G,11
3,2,4,5625822057,5625888608,11,K,13
4,2,1,5628424409,5628523453,13,J,14
1,4,4,5629091339,5629825699,14,F,1
2,2,3,5631394049,5631494057,1,F,14
1,2,2,5635365251,5635431522,14,F,12
2,1,2,5636565333,5636867126,12,G,8
2,2,3,5638334610,5638735100,8,H,9
3,2,4,5639802230,5640002169,9,L,10
4,1,4,5641238473,5641903978,10,K,13
2,4,1,5645373702,5645841328,13,K,11
1,1,1,5647009783,5647309256,11,G,5
1,2,2,5647944067,5648244578,5,C,6
2,2,3,5649579043,5652281841,6,D,7
3,2,4,5655485053,5656051984,7,H,8
4,1,4,5656818923,5658454489,8,G,12
4,1,4,5658854706,5659221247,12,F,1
4,2,1,5660055311,5660422238,1,E,2
1,2,2,5666029107,5666161622,2,A,0
2,1,2,5666429004,5666663185,0,B,4
2,2,3,5667429705,5667731184,4,C,5
1,2,2,5670300049,5670333244,5,C,6
2,2,3,5671701949,5671968729,6,D,7
3,1,3,5673002318,5673435605,7,H,9
1,4,4,5674903581,5675170873,9,H,8
4,2,1,5676538508,5676705810,8,G,5
3,2,4,5678206713,5678241056,5,G,12
4,1,4,5679442731,5679776243,12,F,1
4,2,1,5680942969,5681009715,1,E,2
1,2,2,5681845127,5681978656,2,A,0
2,1,2,5682344954,5682645595,0,B,4
2,2,3,5684112667,5689753021,4,C,5
1,2,2,5690753275,5690853519,5,C,6
2,2,3,5691688554,5691887885,6,D,7
3,1,3,5692422083,5693055240,7,H,9
1,4,4,5694023063,5694190187,9,H,8
4,1,4,5695157718,5695590643,8,G,12
4,1,4,5697026046,5697359567,12,F,1
4,2,1,5699328179,5699494693,1,E,2
1,2,2,5700162268,5700262986,2,A,0
2,1,2,5700662254,5700928817,0,B,4
2,1,2,5701863178,5702498550,4,C,6
2,2,3,5703865420,5703999557,6,D,7
3,1,3,5704900909,5705303040,7,H,9
3,2,4,5706434888,5706568603,9,L,10
4,1,4,5707503714,5708236736,10,K,13
2,4,1,5711206748,5711274160,13,K,11
1,2,2,5712140053,5712975780,11,G,8
4,2,1,5713742731,5714576909,8,G,5
1,2,2,5715644789,5716012612,5,C,6
4,1,4,5717245817,5717446533,6,C,4
4,1,4,5718747802,5719114009,4,B,0
2,2,3,5720248980,5720582467,0,B,3
3,2,4,5721017532,5721549736,3,F,1
2,2,3,5724086523,5724219789,1,F,14
1,2,2,5734896451,5735764614,14,F,12
2,1,2,5736833253,5737198645,12,G,8
2,2,3,5738734088,5739033794,8,H,9
3,2,4,5739836217,5740001844,9,L,10
4,1,4,5740870075,5741203819,10,K,13
4,2,1,5743438553,5743606975,13,J,14
1,1,1,5745408139,5748845273,14,F,3
3,2,4,5755516735,5756417907,3,F,1
2,2,3,5756986301,5757153073,1,F,14
1,4,4,5758420084,5758454127,14,F,1
4,2,1,5759355041,5759588506,1,E,2
1,2,2,5760658196,5760789835,2,A,0
2,1,2,5761256746,5761489727,0,B,4
2,1,2,5773569469,5773835872,4,C,6
2,2,3,5774970803,5775171099,6,D,7
3,1,3,5776404610,5777074018,7,H,9
1,4,4,5777905725,5778106203,9,H,8
4,2,1,5795090982,5795423374,8,G,5
3,2,4,5796859259,5796893112,5,G,12
4,1,4,5798093643,5798494077,12,F,1
4,2,1,5811273861,5811373774,1,E,2
1,2,2,5812274957,5812375046,2,A,0
2,1,2,5812774879,5813007749,0,B,4
1,2,2,5854916357,5854950869,2,A,0
2,1,2,5855384385,5855585832,0,B,4
2,1,2,5856218341,5856385004,4,C,6
2,2,3,5856951896,5857152104,6,D,7
3,1,3,5857719175,5858154507,7,H,9
1,4,4,5858988967,5859154702,9,H,8
4,2,1,5862091729,5862292407,8,G,5
3,2,4,5863794209,5863859301,5,G,12
4,1,4,5864359695,5864626262,12,F,1
4,2,1,5865996175,5866061026,1,E,2
1,2,2,5866929255,5867063298,2,A,0
2,1,2,5867362788,5867664124,0,B,4
2,1,2,5868263571,5868497507,4,C,6
4,4,3,5869365320,5869398465,6,C,5
3,2,4,5870065163,5870231877,5,G,12
4,1,4,5871801840,5872067599,12,F,1
2,2,3,5873534991,5873568219,1,F,14
3,2,4,5875437751,5876071688,14,J,15
2,1,2,5876706362,5876973705,15,J,13
2,1,2,5879374981,5885581874,13,K,10
4,2,1,5888750683,5888918544,10,K,11
1,1,1,5889651129,5889984704,11,G,5
3,4,2,5890886727,5899529477,5,G,8
2,2,3,5900295984,5900662472,8,H,9
3,2,4,5902231584,5902363936,9,L,10
4,2,1,5904199860,5904400425,10,K,11
3,2,4,5905668479,5905735035,11,K,13
4,2,1,5921483353,5921750451,13,J,14
1,2,2,5923718917,5924486722,14,F,12
2,1,2,5926187847,5926555260,12,G,8
2,2,3,5940770017,5941137120,8,H,9
3,2,4,5949278498,5949411559,9,L,10
4,1,4,5951245506,5951514495,10,K,13
4,2,1,5952514216,5952782832,13,J,14
1,1,1,5955717391,5956018789,14,F,3
3,2,4,5957820847,5957953361,3,F,1
4,2,1,5973435514,5973536209,1,E,2
1,2,2,5975570808,5975738195,2,A,0
2,1,2,5976037435,5976239237,0,B,4
2,3,4,5977539301,5980741595,4,C,4
2,2,3,5981643920,5982778796,4,C,5
1,3,3,5983312885,5983913196,5,C,5
1,2,2,5984779682,5984946499,5,C,6
2,2,3,5992688410,5998461221,6,D,7
3,2,4,6001497215,6002131751,7,H,8
4,1,4,6016211969,6016978509,8,G,12
4,1,4,6018079278,6019447673,12,F,1
2,2,3,6030626019,6031427181,1,F,14
3,4,2,6032328101,6033262525,14,J,13
4,2,1,6046776155,6046842430,13,J,14
1,1,1,6048910777,6049112167,14,F,3
1,2,2,6049811579,6050045947,3,B,4
2,1,2,6051113828,6051414342,4,C,6
2,2,3,6052413976,6052615113,6,D,7
3,2,4,6053514909,6053883350,7,H,8
4,2,1,6069899038,6070165502,8,G,5
3,2,4,6071767282,6071833261,5,G,12
4,1,4,6073101350,6073368187,12,F,1
4,2,1,6074603843,6074670036,1,E,2
1,2,2,6075470954,6075571248,2,A,0
2,1,2,6075904646,6076138748,0,B,4
2,1,2,6077071499,6077306905,4,C,6
2,2,3,6078572414,6078873185,6,D,7
3,1,3,6079709476,6080241438,7,H,9
1,4,4,6081276881,6081342005,9,H,8
4,1,4,6082512586,6082778756,8,G,12
4,1,4,6083679860,6083979166,12,F,1
2,2,3,6085180815,6085280893,1,F,14
3,4,2,6092922339,6093488995,14,J,13
4,2,1,6114809980,6114943187,13,J,14
1,1,1,6115577521,6115845371,14,F,3
1,2,2,6116646218,6116945082,3,B,4
2,1,2,6117746081,6118079429,4,C,6
4,4,3,6119014185,6119215014,6,C,5
3,2,4,6120182690,6120349010,5,G,12
4,1,4,6121515139,6121816572,12,F,1
2,2,3,6123185421,6123786462,1,F,14
3,4,2,6127456898,6127924288,14,J,13
2,1,2,6134730108,6144440367,13,K,10
4,2,1,6148710934,6148843966,10,K,11
1,2,2,6150079296,6150579059,11,G,8
4,2,1,6151546489,6151846744,8,G,5
3,2,4,6154248204,6154316296,5,G,12
4,2,1,6155084976,6155284939,12,F,3
3,2,4,6155917382,6156017122,3,F,1
4,2,1,6157286849,6157353429,1,E,2
1,2,2,6158520138,6158619673,2,A,0
2,1,2,6159021158,6159289015,0,B,4
2,1,2,6160189855,6160455278,4,C,6
2,2,3,6168496932,6168731592,6,D,7
3,2,4,6169798800,6170064703,7,H,8
4,2,1,6187416751,6187782868,8,G,5
3,2,4,6189317762,6189383792,5,G,12
4,1,4,6190151050,6190485598,12,F,1
2,2,3,6191786018,6191952923,1,F,14
3,4,2,6193154791,6193523399,14,J,13
2,1,2,6204399672,6204900148,13,K,10
4,2,1,6208637496,6208770487,10,K,11
1,2,2,6210139143,6212241202,11,G,8
2,2,3,6214709975,6215144408,8,H,9
3,2,4,6216244779,6216377312,9,L,10
4,1,4,6223518022,6223852896,10,K,13
4,2,1,6244939328,6245140545,13,J,14
1,2,2,6247375627,6247641908,14,F,12
4,2,1,6249044573,6249478439,12,F,3
3,2,4,6252747684,6252847463,3,F,1
4,2,1,6253982694,6254049745,1,E,2
1,2,2,6254817570,6254950156,2,A,0
2,1,2,6255284039,6255584913,0,B,4
2,1,2,6256485718,6256717705,4,C,6
2,2,3,6265560215,6265826483,6,D,7
3,2,4,6267263298,6267396240,7,H,8
4,2,1,6268864457,6269064085,8,G,5
3,2,4,6270164435,6270199102,5,G,12
2,2,3,6271701737,6271766614,12,G,11
1,2,2,6273168769,6273302380,11,G,8
4,2,1,6275235451,6275504302,8,G,5
3,2,4,6277973209,6278040028,5,G,12
4,1,4,6278674505,6278940800,12,F,1
4,2,1,6281076045,6281143247,1,E,2
1,2,2,6281842901,6282010527,2,A,0
2,1,2,6282343934,6282610372,0,B,4
2,1,2,6283513090,6283778493,4,C,6
4,4,3,6284745976,6284915015,6,C,5
3,2,4,6285946792,6286146486,5,G,12
2,2,3,6287482643,6288017114,12,G,11
3,2,4,6288849716,6288950514,11,K,13
4,2,1,6293788846,6293989843,13,J,14
1,2,2,6302797184,6303398029,14,F,12
2,1,2,6304733287,6305100180,12,G,8
2,2,3,6306535047,6309304469,8,H,9
3,2,4,6312574387,6312742114,9,L,10
4,1,4,6313341857,6313608622,10,K,13
4,2,1,6316677670,6316845509,13,J,14
1,1,1,6319181107,6319414594,14,F,3
1,2,2,6319981122,6320248231,3,B,4
2,1,2,6321149137,6321550646,4,C,6
4,4,3,6322516652,6322650652,6,C,5
3,1,3,6323451273,6323884424,5,G,11
3,2,4,6324919983,6325055037,11,K,13
4,2,1,6325620070,6334363013,13,J,14
1,2,2,6339367361,6340068314,14,F,12
2,1,2,6358453127,6360220873,12,G,8
2,2,3,6361521718,6361989914,8,H,9
3,2,4,6364493465,6364593898,9,L,10
4,1,4,6365060019,6365427934,10,K,13
4,2,1,6382277314,6382445017,13,J,14
1,1,1,6384213224,6384446629,14,F,3
1,2,2,6385246858,6385515222,3,B,4
2,3,4,6387148411,6387748842,4,C,4
2,3,4,6389150024,6390385589,4,C,4
2,1,2,6392553327,6392887561,4,C,6
2,2,3,6394122836,6394355995,6,D,7
3,2,4,6400228805,6400662952,7,H,8
4,2,1,6402331926,6402632573,8,G,5
3,2,4,6403966651,6403998150,5,G,12
4,1,4,6405835283,6406234642,12,F,1
2,4,1,6407703502,6407969675,1,F,3
1,2,2,6408770462,6408971251,3,B,4
4,1,4,6409972403,6410571784,4,B,0
2,2,3,6412807794,6413073539,0,B,3
3,1,3,6413540606,6413775595,3,F,14
3,4,2,6415945118,6416276964,14,J,13
4,2,1,6421882558,6421949965,13,J,14
1,1,1,6422651691,6422852382,14,F,3
1,2,2,6423585091,6423852174,3,B,4
2,1,2,6425154172,6425387379,4,C,6
2,2,3,6426454709,6426655245,6,D,7
3,1,3,6427956334,6428356564,7,H,9
3,2,4,6435164773,6443572450,9,L,10
4,1,4,6446775236,6447641739,10,K,13
4,2,1,6451913334,6452047081,13,J,14
1,2,2,6453914192,6454583812,14,F,12
2,1,2,6455849658,6456218407,12,G,8
2,2,3,6457586693,6457987540,8,H,9
3,2,4,6458889108,6459020376,9,L,10
4,1,4,6464759812,6465526788,10,K,13
4,2,1,6466928758,6467162225,13,J,14
3,2,4,6468596697,6468729362,14,J,15
4,2,1,6469663199,6469764422,15,I,16
1,1,1,6470265531,6470499495,16,E,2
1,2,2,6471565751,6471633211,2,A,0
2,1,2,6472067015,6472366565,0,B,4
2,1,2,6473568239,6474203294,4,C,6
2,2,3,6475104842,6483444252,6,D,7
3,2,4,6486481898,6486881413,7,H,8
4,2,1,6489583696,6489750376,8,G,5
3,2,4,6491651913,6491719438,5,G,12
4,1,4,6493322385,6497157879,12,F,1
4,2,1,6504900180,6505098740,1,E,2
1,2,2,6509839739,6510039456,2,A,0
2,1,2,6510872376,6511172841,0,B,4
2,1,2,6512074263,6512373477,4,C,6
2,2,3,6513307921,6513542200,6,D,7
3,1,3,6514509907,6514875883,7,H,9
3,2,4,6516477058,6516578390,9,L,10
4,2,1,6527723233,6527889726,10,K,11
3,2,4,6528390046,6546509098,11,K,13
4,2,1,6549544202,6549744505,13,J,14
1,1,1,6557017579,6557251300,14,F,3
1,2,2,6558919874,6559119984,3,B,4
2,1,2,6560020814,6560555440,4,C,6
2,2,3,6561422123,6561589714,6,D,7
3,1,3,6562657358,6563057397,7,H,9
3,2,4,6564659506,6574469686,9,L,10
4,1,4,6577672243,6577939123,10,K,13
4,2,1,6579208283,6579373383,13,J,14
1,1,1,6580574935,6580775927,14,F,3
1,2,2,6581476201,6581710311,3,B,4
2,1,2,6582609431,6582910976,4,C,6
2,2,3,6583944588,6584079365,6,D,7
3,1,3,6585380083,6585779961,7,H,9
1,4,4,6586847918,6586981403,9,H,8
4,2,1,6587548435,6587782623,8,G,5
3,2,4,6589084018,6589184025,5,G,12
4,2,1,6604298333,6604533725,12,F,3
3,2,4,6605234042,6605600234,3,F,1
4,2,1,6606235196,6606335790,1,E,2
1,2,2,6612707447,6612941570,2,A,0
2,1,2,6613342138,6613707723,0,B,4
2,1,2,6614775361,6615009885,4,C,6
2,2,3,6622583769,6622884198,6,D,7
3,1,3,6624218678,6624652189,7,H,9
1,4,4,6625254342,6625519849,9,H,8
4,2,1,6626788204,6627022266,8,G,5
3,2,4,6628189321,6628255976,5,G,12
4,1,4,6629324230,6629657465,12,F,1
4,2,1,6631025707,6631059664,1,E,2
3,1,3,6632460398,6632862184,2,E,16
1,2,2,6634195994,6634329272,16,E,1
2,2,3,6635195733,6635630258,1,F,14
1,2,2,6643739043,6644406108,14,F,12
2,1,2,6645407031,6645775382,12,G,8
2,2,3,6646974285,6647476635,8,H,9
3,2,4,6648477041,6657886634,9,L,10
4,1,4,6661021961,6661791511,10,K,13
4,2,1,6662723783,6662857053,13,J,14
1,1,1,6665192588,6665459895,14,F,3
1,2,2,6666259923,6666527470,3,B,4
2,1,2,6667629036,6667962688,4,C,6
2,2,3,6669362273,6675970385,6,D,7
3,1,3,6679039691,6679508509,7,H,9
3,2,4,6681243356,6681341454,9,L,10
4,1,4,6682143184,6682411053,10,K,13
4,2,1,6684445501,6684546384,13,J,14
1,1,1,6686481022,6686816568,14,F,3
3,2,4,6688450450,6688548813,3,F,1
2,4,1,6700461771,6700961541,1,F,3
3,4,2,6701362431,6701430449,3,F,12
2,2,3,6703332426,6703765264,12,G,11
1,2,2,6704899905,6704934581,11,G,8
2,2,3,6705834486,6714643405,8,H,9
3,2,4,6715911270,6716078257,9,L,10
4,1,4,6722916942,6723251628,10,K,13
4,2,1,6724685460,6724853594,13,J,14
1,1,1,6726186794,6726520900,14,F,3
1,2,2,6727121377,6727321392,3,B,4
2,1,2,6728489950,6728789534,4,C,6
2,2,3,6729890449,6734028456,6,D,7
3,1,3,6737132428,6737466206,7,H,9
1,4,4,6738299396,6738499571,9,H,8
4,2,1,6739667361,6739901005,8,G,5
3,2,4,6745706552,6745740382,5,G,12
4,2,1,6747007976,6747041738,12,F,3
3,2,4,6747374445,6747508535,3,F,1
4,2,1,6748642733,6748709311,1,E,2
1,2,2,6749744515,6749844727,2,A,0
2,1,2,6750680673,6750979432,0,B,4
2,1,2,6755149775,6755584816,4,C,6
2,2,3,6756686165,6756885186,6,D,7
3,1,3,6757918892,6758485977,7,H,9
3,2,4,6759453583,6759554119,9,L,10
4,1,4,6760154288,6760454467,10,K,13
4,2,1,6761589831,6761755283,13,J,14
1,1,1,6770764965,6771099601,14,F,3
1,2,2,6771766131,6771999627,3,B,4
2,1,2,6773067153,6774268947,4,C,6
