0,1,2,0,1,2,3,4,5,6,7,8,9,10,11,12,13,14,15,16,17,18,19,20,21,22,23,24,25,26,27,28,29,30,31,32,33,34,35,36,37,38,39,40,41,42,43,44,45,46,47,48,49,50,51,52,53,54,55,56,57,58,59,60,61,62,63,64,65,66,67,68,69,70,71,72,73,74,75,76,77,78,79,80,81,82,83,84,85,86,87,88,89,90,91,92,93,94,95,96,97,98,99,100,101,102,103,104,105,106,107,108,109
TT11\cl-maze1.1,0.0,Timestamps,3054915293086.0,3055124473791.0,3055796502106.0,3055978888388.0,3056533293205.0,3056564391382.0,3056573836719.0,3056811246449.0,3056968775301.0,3057022163688.0,3057090400503.0,3057097575970.0,3057392445906.0,3057403722347.0,3057480703217.0,3057700296722.0,3057710274128.0,3057877479547.0,3057938475110.0,,,,,,,,,,,,,,,,,,,,,,,,,,,,,,,,,,,,,,,,,,,,,,,,,,,,,,,,,,,,,,,,,,,,,,,,,,,,,,,,,,,,,,,,,,,
TT11\cl-maze1.1,0.0,FiringRate,0.0,0.0,0.0,1.5367274006947544,7.683923349791017,2.3062560423908307,0.0,6.598605714612503,0.0,0.0,0.0,0.0,0.0,0.0,1.4070232692101239,1.4834427026189885,12.4909128608937,3.3123523415432747,3.294205854264992,,,,,,,,,,,,,,,,,,,,,,,,,,,,,,,,,,,,,,,,,,,,,,,,,,,,,,,,,,,,,,,,,,,,,,,,,,,,,,,,,,,,,,,,,,,
TT11\cl-maze1.1,1.0,Timestamps,3054910855046.0,3055076759737.0,3055079695515.0,3055083467574.0,3055132148327.0,3055202589301.0,3055282372296.0,3055308496058.0,3055340398486.0,3055381974326.0,3055482544250.0,3055525521628.0,3055598930455.0,3055626658959.0,3055658789841.0,3055685519175.0,3055717151870.0,3055720489997.0,3055736972808.0,3055756126337.0,3055794831531.0,3055811616631.0,3055848788516.0,3055890964755.0,3055917426173.0,3055943283318.0,3055969945676.0,3056102015461.0,3056562956887.0,3056574068574.0,3056597825997.0,3056661158734.0,3056966505657.0,3057029369374.0,3057259207955.0,3057318201621.0,3057370889930.0,3057390210334.0,3057413300342.0,3057456911904.0,3057460783967.0,3057698393951.0,3057708072238.0,3057875609880.0,,,,,,,,,,,,,,,,,,,,,,,,,,,,,,,,,,,,,,,,,,,,,,,,,,,,,,,,,,,,,,,,,,
TT11\cl-maze1.1,1.0,FiringRate,0.0,0.0,0.0,0.0,0.0,0.0,0.0,0.0,0.0,0.0,0.0,0.0,0.0,0.0,0.0,0.0,0.0,0.0,0.0,0.0,0.0,0.0,0.0,0.0,2.997015272490127,0.0,0.0,0.0,0.0,0.0,0.0,0.0,0.0,0.0,0.0,0.0,0.0,0.0,0.0,0.0,4.411232763107979,0.0,1.25264150777953,0.0,,,,,,,,,,,,,,,,,,,,,,,,,,,,,,,,,,,,,,,,,,,,,,,,,,,,,,,,,,,,,,,,,,
TT11\cl-maze1.1,2.0,Timestamps,3054875952145.0,3054922334321.0,3054946858062.0,3055073756406.0,3055101885610.0,3055129111422.0,3055196281830.0,3055281002514.0,3055306029379.0,3055336727532.0,3055356847746.0,3055376034696.0,3055405998855.0,3055455382853.0,3055480942148.0,3055523852752.0,3055597528877.0,3055625192465.0,3055657692375.0,3055684152806.0,3055715917385.0,3055735838341.0,3055754656176.0,3055792529055.0,3055846419086.0,3055889630753.0,3055941883065.0,3055968745818.0,3056046391495.0,3056103717362.0,3056150597696.0,3056173088713.0,3056214964151.0,3056325245568.0,3056415137562.0,3056435426051.0,3056508801899.0,3056561823346.0,3056632629679.0,3056659791476.0,3056726325264.0,3056816117324.0,3056887022803.0,3056929335287.0,3056964971560.0,3057007916626.0,3057015156103.0,3057103513383.0,3057199179443.0,3057252535718.0,3057257773029.0,3057316601966.0,3057388375425.0,3057406092422.0,3057409697128.0,3057492048020.0,3057634795963.0,3057711007427.0,3057791055931.0,3057884352369.0,3058077284313.0,,,,,,,,,,,,,,,,,,,,,,,,,,,,,,,,,,,,,,,,,,,,,,,,,
TT11\cl-maze1.1,2.0,FiringRate,0.0,0.0,0.0,0.0,0.0,0.0,0.0,0.0,0.0,0.0,0.0,0.0,0.0,0.0,0.0,0.0,0.0,0.0,0.0,0.0,0.0,0.0,0.0,0.0,0.0,0.9998390259168273,0.0,0.0,0.0,0.0,0.30896514904015343,0.0,0.0,0.0,0.3651866140116261,0.0,0.0,0.0,0.0,0.0,0.0,0.0,0.0,0.0,0.0,3.9240349638649885,2.133522221167314,0.0,0.0,0.7312010049626613,0.0,0.0,0.0,0.0,8.464984415610983,0.0,0.0,0.0,0.0,0.0,0.0,,,,,,,,,,,,,,,,,,,,,,,,,,,,,,,,,,,,,,,,,,,,,,,,,
TT11\cl-maze1.2,0.0,Timestamps,3054932911988.0,3054969581557.0,3055033714056.0,3055092642261.0,3055113998801.0,3055172791314.0,3055241561826.0,3055293948532.0,3055324847763.0,3055346136863.0,3055367092414.0,3055387279988.0,3055415375054.0,3055467861227.0,3055504132788.0,3055530493206.0,3055547944784.0,3055564529623.0,3055604736520.0,3055635268127.0,3055661228373.0,3055706374949.0,3055728831234.0,3055743913373.0,3055779552307.0,3055803474974.0,3055813751603.0,3055834738779.0,3055853458887.0,3055900742454.0,3055927104143.0,3055947989114.0,3055983826218.0,3056015458903.0,3056040719570.0,3056164978564.0,3056167515942.0,3056171654898.0,3056233651078.0,3056287239611.0,3056456880599.0,3056489548263.0,3056522183464.0,3056550777545.0,3056587249247.0,3056616612990.0,3056683248516.0,3056721988257.0,3056770239006.0,3056803906368.0,3056958198040.0,3056984660305.0,3057038614408.0,3057067977754.0,3057152630751.0,3057193941142.0,3057292342742.0,3057299150654.0,3057343894928.0,3057352970670.0,3057383536412.0,3057469059302.0,3057501592083.0,3057523882114.0,3057540030788.0,3057583942800.0,3057592952249.0,3057621115870.0,3057647109333.0,3057675670352.0,3057681644388.0,3057765329041.0,3057782582011.0,3057788719754.0,3057833466241.0,3057861630120.0,3057912815727.0,3058120227389.0,,,,,,,,,,,,,,,,,,,,,,,,,,,,,,,,
TT11\cl-maze1.2,0.0,FiringRate,0.0,0.0,0.0,0.0,0.0,0.0,0.0,0.0,0.0,0.0,0.0,0.0,0.0,0.0,0.0,0.0,0.0,0.0,0.0,0.0,0.0,0.0,0.0,0.0,0.0,0.0,0.0,0.0,0.0,0.0,0.0,0.0,0.0,0.0,0.0,0.0,0.0,0.0,0.0,0.0,0.0,0.0,0.0,0.0,0.0,0.0,0.0,0.0,0.0,0.0,0.0,0.0,0.0,0.0,0.0,0.0,0.0,0.0,0.0,0.0,0.0,0.0,0.0,0.0,0.0,0.0,0.0,0.0,0.0,0.0,0.0,0.0,0.0,0.0,0.0,0.0,0.0,18.398967817905415,,,,,,,,,,,,,,,,,,,,,,,,,,,,,,,,
TT11\cl-maze1.2,1.0,Timestamps,3054861503634.0,3055005386096.0,3055089737758.0,3055172023613.0,3055237123307.0,3055323147532.0,3055344935279.0,3055466961248.0,3055563360782.0,3055603802176.0,3055634201291.0,3055700501517.0,3055705507259.0,3055769672954.0,3055778881679.0,3055829133988.0,3055832970776.0,3055852457904.0,3055897871320.0,3055926201126.0,3056458750111.0,3056549177202.0,3056671769107.0,3056952425628.0,3056983523535.0,3057037780239.0,3057341560923.0,3057382235918.0,3057476432371.0,3057576102157.0,3057581040502.0,3057621783209.0,3057661990246.0,3057665292560.0,3057672802498.0,3057682377536.0,3058106849687.0,,,,,,,,,,,,,,,,,,,,,,,,,,,,,,,,,,,,,,,,,,,,,,,,,,,,,,,,,,,,,,,,,,,,,,,,,
TT11\cl-maze1.2,1.0,FiringRate,3.3360243930103612,0.0,0.0,0.0,0.0,0.0,0.0,0.0,0.0,0.0,0.0,0.0,0.0,0.14835296315016241,0.0,0.0,0.0,0.0,0.0,0.0,0.0,0.0,0.0,0.0,0.0,0.0,0.0,0.0,0.0,0.0,0.0,0.0,0.0,0.0,0.0,0.260523250527755,0.0,,,,,,,,,,,,,,,,,,,,,,,,,,,,,,,,,,,,,,,,,,,,,,,,,,,,,,,,,,,,,,,,,,,,,,,,,
TT11\cl-maze1.2,2.0,Timestamps,3054960271831.0,3054986899761.0,3055065613645.0,3055070118127.0,3056000244244.0,3056035145698.0,3056095042507.0,3056281933800.0,3056478369887.0,3056606001252.0,3056639937271.0,3056709508522.0,3056798967434.0,3056893531406.0,3057161741635.0,3057231746689.0,3057234516610.0,3057281731447.0,3057991330375.0,,,,,,,,,,,,,,,,,,,,,,,,,,,,,,,,,,,,,,,,,,,,,,,,,,,,,,,,,,,,,,,,,,,,,,,,,,,,,,,,,,,,,,,,,,,
TT11\cl-maze1.2,2.0,FiringRate,0.0,0.0,2.6082896662171717,18.927414940985898,9.759508288088137,0.0,0.0,0.0,0.0,0.0,0.0,0.0,0.0,0.0,1.933975058490658,1.5784945897097937,3.6176907143181998,0.4684714059107974,5.181573436589755,,,,,,,,,,,,,,,,,,,,,,,,,,,,,,,,,,,,,,,,,,,,,,,,,,,,,,,,,,,,,,,,,,,,,,,,,,,,,,,,,,,,,,,,,,,
TT11\cl-maze1.2,3.0,Timestamps,3054882059699.0,3054887230070.0,3054956169095.0,3055019367620.0,3055096512225.0,3055179397847.0,3055266120239.0,3055298320819.0,3055301323809.0,3055333657609.0,3055370194854.0,3055391249319.0,3055408833363.0,3055478072806.0,3055513809608.0,3055537100192.0,3055665397467.0,3055709846167.0,3055807213089.0,3055838977682.0,3055867306236.0,3055930807392.0,3055937278951.0,3055998476489.0,3056019229926.0,3056050931728.0,3056077622671.0,3056108222509.0,3056154936524.0,3056158873898.0,3056174958985.0,3056217567860.0,3056340094791.0,3056344564345.0,3056358013284.0,3056420843822.0,3056449809009.0,3056513906026.0,3056634763668.0,3056729462958.0,3056818654599.0,3056889126848.0,3056931338060.0,3056962135887.0,3056988428773.0,3057117062707.0,3057182496188.0,3057204851786.0,3057211559034.0,3057304689455.0,3057386339155.0,3057493583592.0,3057531055884.0,3057636597329.0,3057719382507.0,3057793361199.0,3057798096976.0,3057886220155.0,3057889391076.0,3057959230661.0,3057974111137.0,3057991062247.0,,,,,,,,,,,,,,,,,,,,,,,,,,,,,,,,,,,,,,,,,,,,,,,,
TT11\cl-maze1.2,3.0,FiringRate,0.0,0.0,0.4913933680076874,2.3728747940126125,0.0,0.0,0.0,0.0,0.0,0.0,0.0,1.3313886183581183,0.6442840248809605,0.0,0.0,1.2807728080662046,0.0,0.0,0.0,0.0,0.0,0.0,0.0,2.3067917716737503,0.0,0.0,0.7877638221040226,3.810871043172596,0.0,1.57909779826394,2.4304447227753734,0.6517642933538943,0.0,0.0,0.7485887231097573,0.0,0.0,0.820525612296725,0.0,0.0,0.0,0.4407564879905978,1.9687709181910056,0.0,0.0,0.4654208158156696,1.664597017707983,0.0,0.0,0.0,5.97232424942815,0.0,0.0,0.0,0.0,0.0,0.0,0.0,0.14693611026908557,0.4967737031846671,1.5441072697496725,5.308998904829369,,,,,,,,,,,,,,,,,,,,,,,,,,,,,,,,,,,,,,,,,,,,,,,,
TT11\cl-maze1.2,4.0,Timestamps,3054891467171.0,3054960740256.0,3054987433513.0,3054995374626.0,3055028910045.0,3055066181117.0,3055095344213.0,3055178529442.0,3055264285912.0,3055296484989.0,3055327517034.0,3055369260261.0,3055389814622.0,3055412371406.0,3055470197598.0,3055506433892.0,3055513210723.0,3055535899406.0,3055566630209.0,3055573903258.0,3055609541859.0,3055618616618.0,3055646045589.0,3055663963113.0,3055708610132.0,3055731066811.0,3055745848012.0,3055751053389.0,3055781953571.0,3055805812113.0,3055837575613.0,3055863769956.0,3055885592290.0,3055905881956.0,3055929337440.0,3055956832822.0,3055962172491.0,3055985995914.0,3055997008794.0,3056017896049.0,3056035646921.0,3056051864716.0,3056079092318.0,3056095008374.0,3056112593456.0,3056118933218.0,3056159874995.0,3056177593003.0,3056189439052.0,3056198181810.0,3056201651416.0,3056219136054.0,3056281967449.0,3056299317698.0,3056345466300.0,3056421446167.0,3056450841733.0,3056478738900.0,3056498791192.0,3056516477428.0,3056553248314.0,3056589251959.0,3056606536256.0,3056640236652.0,3056644942922.0,3056685718246.0,3056709909322.0,3056718216727.0,3056730496956.0,3056736802595.0,3056761962145.0,3056798866829.0,3056819688707.0,3056893698667.0,3056902206758.0,3056936642166.0,3056960334786.0,3056986994670.0,3057042085078.0,3057047757144.0,3057128038859.0,3057132544365.0,3057160807397.0,3057174755144.0,3057183763107.0,3057191605368.0,3057212827024.0,3057222135737.0,3057225573813.0,3057232014027.0,3057271020403.0,3057281596763.0,3057289473360.0,3057303387336.0,3057385505755.0,3057498422584.0,3057529152571.0,3057542399377.0,3057614976481.0,3057637732282.0,3057645372379.0,3057720717975.0,3057798462960.0,3057806037383.0,3057896298136.0,3057909745311.0,3057965871082.0,3057971541917.0,3057994065346.0,3058011616079.0
TT11\cl-maze1.2,4.0,FiringRate,0.0,1.3115100558159944,0.0,1.630334991044366,0.0,2.305006089057752,0.0,0.0,0.0,0.0,0.0,0.0,0.0,0.0,0.0,0.0,0.0,0.0,0.0,0.0,0.0,0.0,0.0,0.0,0.0,0.0,4.883952406860585,0.0,0.0,0.0,0.0,0.9564359371239014,0.0,0.0,0.0,0.0,0.0,0.0,0.0,0.0,0.0,0.0,0.0,0.0,1.0164156204785386,1.5768062315382272,0.0,0.0,5.993637154796468,0.0,0.0,0.0,0.0,0.0,0.0,0.0,0.0,0.0,0.0,0.0,0.0,1.3939037156362077,0.5658813177112364,0.0,0.0,0.0,0.4685565739893,0.0,0.0,3.2099946393089525,0.5399350836048982,0.0,0.0,0.0,0.0,0.0,0.0,0.0,0.7050498135319505,0.0,0.0,0.0,4.278285348797909,0.0,0.0,0.0,0.0,0.0,0.0,4.456066225246046,0.33284759773903283,0.1884604533642358,4.291256136496275,0.0,0.0,1.1117460416282188,0.0,0.0,0.6821021843640352,0.26063515222787015,0.0,0.0,0.0,0.0,0.0,0.0,0.0,1.970663132085273,0.0,0.0
TT14\cl-maze1.1,0.0,Timestamps,3054896271966.0,3054961806366.0,3054988168494.0,3055029410476.0,3055066681602.0,3055095012950.0,3055178130849.0,3055260315289.0,3055296218550.0,3055327217016.0,3055368993264.0,3055389547330.0,3055412939273.0,3055469964873.0,3055506167808.0,3055535231954.0,3055566362444.0,3055608840057.0,3055645845499.0,3055663630678.0,3055708342572.0,3055730765982.0,3055745382213.0,3055751187001.0,3055781717454.0,3055805511196.0,3055837310298.0,3055860568060.0,3055879353459.0,3055902910944.0,3055928836967.0,3055956565957.0,3055985727944.0,3055996374642.0,3056017629101.0,3056036516229.0,3056052365197.0,3056079691883.0,3056095743194.0,3056112994350.0,3056120802174.0,3056160175982.0,3056191007313.0,3056221405073.0,3056283135622.0,3056300720053.0,3056346000911.0,3056422445251.0,3056479339406.0,3056499291396.0,3056517743190.0,3056552914248.0,3056588884179.0,3056592521002.0,3056608103623.0,3056640637865.0,3056646510814.0,3056685417283.0,3056718216727.0,3056762761492.0,3056799669317.0,3056902206758.0,3056959999156.0,3056986728626.0,3057041851286.0,3057128906478.0,3057175423221.0,3057184631629.0,3057191671148.0,3057225673947.0,3057281596763.0,3057289473360.0,3057303153789.0,3057385238831.0,3057498921443.0,3057528919433.0,3057542133146.0,3057616244063.0,3057638133667.0,3057645339798.0,3057677640539.0,3057799163396.0,3057807941775.0,3057896665015.0,3057910679983.0,3057965936722.0,3057994465693.0,3058012351720.0,,,,,,,,,,,,,,,,,,,,,,
TT14\cl-maze1.1,0.0,FiringRate,0.0,1.0780243866364647,0.8034980448080327,3.6787601527211002,2.937668548732984,7.918295856039046,3.5348429469278684,1.1265704109886578,8.326824532157364,7.043220723972658,3.9978811230048077,4.27785525448961,5.000191674014171,6.394366137142102,3.3230540195661424,4.442366404159832,0.0,3.9882744730492354,10.717102781302513,6.001824554664618,7.478998038632765,2.1373549804645755,3.568806773024246,5.968706074053736,0.0,6.023189278723084,4.271551042899187,1.8166017049896963,0.4634276063516152,3.330524590928317,1.4282510922550227,0.0,0.0,2.1429864873987037,3.5281271113635686,0.0,5.295030261097942,0.0,1.111548320117024,3.618012326051136,8.83721670092561,5.003859226428383,0.36537835476703656,0.8645789774163325,3.33182290694885,4.27962499072748,5.173177282716208,4.995154699941057,4.740946767069383,1.6648076314781826,2.993241261232138,3.5353115758474583,5.7366276023573715,4.259778321136168,4.732854052979569,7.266200903188771,6.3177080618693156,3.520730058584948,1.6968623318621538,2.1619210954392423,2.7287028156120003,3.745079901279694,2.4451626430496556,3.7483858513427655,6.430578687776113,5.625240830623061,1.5788061068220212,4.99345856927425,6.299639188165498,2.1432620662975252,0.0,2.906160090672195,2.313422477212789,2.3112623190281605,7.183916647409779,2.136916514945594,6.407586582513696,1.1994693547574553,4.135059307088111,4.279667726597707,1.1527931216677074,2.26726419658813,15.084093823063577,2.8332315393715977,9.984623679533518,9.549430581096493,0.8808469519612498,2.996111047859878,,,,,,,,,,,,,,,,,,,,,,
TT14\cl-maze1.1,1.0,Timestamps,3054900110039.0,3054966847346.0,3055001481565.0,3055031844623.0,3055055903905.0,3055093275434.0,3055109827368.0,3055176895291.0,3055253742852.0,3055294417258.0,3055325516225.0,3055367693755.0,3055387812701.0,3055414139440.0,3055468429760.0,3055504600125.0,3055530860721.0,3055544908170.0,3055565095647.0,3055605103087.0,3055635835751.0,3055640906831.0,3055662430552.0,3055706841490.0,3055729732517.0,3055744314219.0,3055780150510.0,3055804308306.0,3055836009184.0,3055856528991.0,3055877884266.0,3055901442975.0,3055927603506.0,3055951793210.0,3055984562060.0,3055994805457.0,3056015926205.0,3056038382708.0,3056054165182.0,3056097110232.0,3056122236604.0,3056164179138.0,3056227144503.0,3056285604734.0,3056302757513.0,3056347567778.0,3056424547462.0,3056480905689.0,3056500825747.0,3056506064012.0,3056519545924.0,3056551244487.0,3056587682120.0,3056609338660.0,3056647443175.0,3056683949672.0,3056720585907.0,3056766734781.0,3056801170075.0,3056905576452.0,3056958599178.0,3056985093844.0,3057038980390.0,3057061203049.0,3057066410173.0,3057136214505.0,3057176857350.0,3057192506933.0,3057227108703.0,3057291106663.0,3057300917061.0,3057344328206.0,3057351870387.0,3057384102653.0,3057467690132.0,3057500424621.0,3057528319252.0,3057540631983.0,3057617578590.0,3057646272827.0,3057676138575.0,3057775805863.0,3057781678715.0,3057826626085.0,3057850917181.0,3057911212844.0,3057998236413.0,3058013852076.0,3058088631075.0,3058093968813.0,,,,,,,,,,,,,,,,,,,,
TT14\cl-maze1.1,1.0,FiringRate,0.0,0.0,0.0,0.0,0.24973914746047757,0.0,0.25839172340302935,1.6607929954394622,0.0,0.0,0.0,0.0,0.0,0.0,0.0,0.0,1.6344525156131076,4.8706924813368175,6.000591058219235,5.5511331528104835,0.0,1.9182674208654744,1.1545091084996115,4.799212929079631,12.34999170786271,8.171893046263811,2.4929169995749576,4.607562392154243,4.299327800098454,5.207099359266423,7.045236583447745,8.563696776624534,2.856224784890571,1.179510394671255,3.529758511571431,1.6670973334778152,4.832071035309876,3.15662378042525,1.0324920072212491,3.520854018350691,0.0,7.023581675475409,0.662407167775481,3.236554946184183,1.154537099895168,0.0,0.637779913631844,1.8127715191841078,1.4733196543788534,2.4917554043060024,0.0,1.2478817207789776,5.698996121833139,0.0,3.3735232402016013,1.1527390809672402,1.7629641774493965,0.0,2.4482036611661653,0.36977503256793604,4.447938547281031,3.3325335252872645,0.7583208652744401,2.825221087676216,1.1550972129814445,0.15134314773467306,1.1995801469485678,1.0712464595304512,2.09288940823552,0.0,1.5359131041802179,3.327100564941676,5.4491458463885785,0.0,1.8731362294516956,1.305861489883491,0.0,0.0,0.0,0.0,1.6094299720924845,0.8244743563740936,4.606342011681683,1.5724308838005026,1.6594692880554622,2.994977422861861,2.076647270781158,6.627959383864895,4.500099002178048,4.114747372145982,,,,,,,,,,,,,,,,,,,,
TT14\cl-maze1.1,2.0,Timestamps,3054905013600.0,3054968813922.0,3055003048562.0,3055033515453.0,3055058906552.0,3055092576062.0,3055113361884.0,3055172724493.0,3055241494905.0,3055254475066.0,3055293882563.0,3055324679790.0,3055346102806.0,3055367023180.0,3055387179555.0,3055415173510.0,3055467628410.0,3055504097956.0,3055530426802.0,3055547577195.0,3055564529623.0,3055604669419.0,3055635168367.0,3055661862911.0,3055706307512.0,3055728699084.0,3055743880527.0,3055779482671.0,3055803373868.0,3055815752155.0,3055834573365.0,3055853393505.0,3055900676200.0,3055927034056.0,3055947924002.0,3055983760917.0,3056015394423.0,3056040318090.0,3056098277599.0,3056128209944.0,3056164779481.0,3056167348892.0,3056171586740.0,3056233216207.0,3056286872584.0,3056303422204.0,3056425215046.0,3056457216227.0,3056482041382.0,3056485611309.0,3056502260891.0,3056520947289.0,3056550744821.0,3056587181982.0,3056610306446.0,3056679378704.0,3056683248516.0,3056721753530.0,3056769570233.0,3056801835502.0,3056908312678.0,3056958131932.0,3056984624936.0,3057038580956.0,3057063006063.0,3057067309231.0,3057147827379.0,3057193473371.0,3057291775281.0,3057300451004.0,3057343795832.0,3057352637300.0,3057383502673.0,3057468690499.0,3057501223819.0,3057526184216.0,3057539964561.0,3057583842916.0,3057591684435.0,3057618479523.0,3057646939710.0,3057675637431.0,3057681243520.0,3057782148304.0,3057827294022.0,3057861228367.0,3057911880494.0,3058094837736.0,,,,,,,,,,,,,,,,,,,,,,
TT14\cl-maze1.1,2.0,FiringRate,0.0,0.0,0.0,0.0,0.0,0.0,0.0,0.4832050021381821,0.0,0.0,0.0,0.0,0.0,0.0,0.0,0.0,0.0,0.0,0.0,0.0,3.746553171082604,2.4956762409126187,0.0,1.878156476728702,0.0,0.0,2.5042196100429224,3.152768998191887,0.0,8.446951226535713,0.71396799852637,0.32235426927606,0.0,0.0,0.0,0.0,0.0,0.0,0.0,0.6812351064974842,0.0,0.0,0.0,0.0,0.0,0.0,0.7555816706968553,0.0,0.0,0.36546815648542436,0.23230525095820106,0.0,0.0,0.0,0.47075312811530695,0.0,0.0,0.0,0.0,0.0,0.0,2.303319544126996,0.0,0.0,0.0,2.8978451623372856,0.1933909419163843,0.0,0.0,0.0,0.0,0.0,0.0,0.0,0.0,0.0,0.0,0.7135370100944081,1.7139664268256314,0.0,0.0,0.0,0.0,0.0,0.31378268478113186,0.0,2.6444206250705182,1.2892240370020192,,,,,,,,,,,,,,,,,,,,,,
TT14\cl-maze1.1,3.0,Timestamps,3054899909862.0,3054966479210.0,3055000646938.0,3055031346612.0,3055094175887.0,3055111327996.0,3055177529304.0,3055258780856.0,3055295384158.0,3055326550092.0,3055368426449.0,3055388747707.0,3055413571235.0,3055469162914.0,3055505501443.0,3055532728562.0,3055565795860.0,3055605872208.0,3055645111730.0,3055663330886.0,3055707707314.0,3055730265590.0,3055745081703.0,3055780983174.0,3055804776973.0,3055836574284.0,3055879052294.0,3055884657947.0,3055902177159.0,3055904911983.0,3055928337861.0,3055955997989.0,3055985161020.0,3055995638822.0,3056017093231.0,3056037348775.0,3056052965336.0,3056096642840.0,3056121402977.0,3056224908320.0,3056284068784.0,3056301455719.0,3056347001217.0,3056423081148.0,3056480004411.0,3056499925190.0,3056518444359.0,3056552179800.0,3056588417041.0,3056608771299.0,3056684847952.0,3056720018811.0,3056800736217.0,3056903276322.0,3056959532652.0,3056986026386.0,3057039948801.0,3057176088549.0,3057192339463.0,3057226640488.0,3057290540422.0,3057302251662.0,3057345263811.0,3057351069295.0,3057384838059.0,3057499788900.0,3057528752760.0,3057541467069.0,3057617110394.0,3057646072581.0,3057677138951.0,3057821287212.0,3057851418211.0,3057910912978.0,3057995634885.0,,,,,,,,,,,,,,,,,,,,,,,,,,,,,,,,,,,
TT14\cl-maze1.1,3.0,FiringRate,0.0,0.0,0.0,0.0,1.2458249292059984,0.8104253112033195,3.5181846167377637,0.0,0.0,0.0,0.0,0.0,0.0,0.0,0.0,0.0,0.0,1.7030918269645081,0.0,0.0,1.6636388439706402,0.0,0.0,0.0,0.0,0.0,0.0,3.5218336074493823,0.0,0.0,0.0,0.0,0.0,0.0,0.0,0.9991297579807986,0.0,0.0,0.0,0.0,1.7617844292317622,0.8336410858341872,0.0,0.0,0.0,0.0,0.0,0.0,0.0,0.0,0.0,0.0,6.016738566692538,0.0,0.0,0.0,0.0,0.0,0.0,0.0,1.766032484401518,0.0,0.9175743005789895,0.0,0.0,0.0,0.0,0.0,0.0,17.878107066023848,0.926902893018413,0.5655219371614645,0.0,0.0,0.28556236653528894,,,,,,,,,,,,,,,,,,,,,,,,,,,,,,,,,,,
TT2\cl-maze1.2,0.0,Timestamps,3054934145688.0,3054974986789.0,3055115900303.0,3055348972883.0,3055399425262.0,3055456817150.0,3055558521519.0,3055761097790.0,3055788259808.0,3055912787514.0,3055921162551.0,3056010021155.0,3056086600242.0,3056203920112.0,3056255841084.0,3056292944331.0,3056442333581.0,3056455013976.0,3056471830984.0,3056792492825.0,3056876213305.0,3056945919449.0,3057004878380.0,3057297380553.0,3057453909053.0,3057521779769.0,3057535292388.0,3057547170710.0,3057559216327.0,3057562889134.0,3057609901985.0,3057762160235.0,3057846447559.0,3058069910697.0,3058115457980.0,,,,,,,,,,,,,,,,,,,,,,,,,,,,,,,,,,,,,,,,,,,,,,,,,,,,,,,,,,,,,,,,,,,,,,,,,,,
TT2\cl-maze1.2,0.0,FiringRate,3.1894894839342225,4.994682224269348,3.893709517588859,0.0,0.0,2.3783950399998477,1.7285287915279044,2.1692145077066276,4.409497705297395,5.762034874139872,3.9491101864927796,5.732933217060954,6.217679496177773,5.389956624324066,12.47520552901109,2.718255532329572,5.676303137292743,5.865389315215798,12.858428700012858,10.680314684791874,3.0332719601306732,8.179044742101087,6.37263336328471,5.994168872520812,7.1925887565452555,4.392642272515392,9.466932792666283,5.861401304747931,0.0,0.29973230907476534,4.196735778911163,8.65845268122308,6.745984452754498,6.971094357247672,8.07126698136921,,,,,,,,,,,,,,,,,,,,,,,,,,,,,,,,,,,,,,,,,,,,,,,,,,,,,,,,,,,,,,,,,,,,,,,,,,,
TT2\cl-maze1.2,1.0,Timestamps,3054863339097.0,3054926304580.0,3054932243425.0,3054973285648.0,3054978223888.0,3054982762769.0,3055087837402.0,3055115699614.0,3055233253516.0,3055348038344.0,3055398990504.0,3055401462019.0,3055456316951.0,3055558124011.0,3055626193324.0,3055660260909.0,3055766203033.0,3055786658819.0,3055813018122.0,3055912420174.0,3055920896527.0,3056009688326.0,3056083261654.0,3056088670513.0,3056171954387.0,3056203485619.0,3056206923460.0,3056253771576.0,3056291143311.0,3056385607586.0,3056395483044.0,3056440597964.0,3056454043518.0,3056471730598.0,3056474398534.0,3056491350210.0,3056524249637.0,3056598961310.0,3056618280161.0,3056701532858.0,3056723255452.0,3056792360442.0,3056837106884.0,3056875712911.0,3056943314355.0,3057003178421.0,3057154333464.0,3057261042707.0,3057293709980.0,3057414401277.0,3057452207752.0,3057462083107.0,3057521645355.0,3057533023807.0,3057546038228.0,3057558951083.0,3057565357086.0,3057609668113.0,3057757089662.0,3057765196330.0,3057788955436.0,3057844845273.0,3058066206956.0,3058115223566.0,,,,,,,,,,,,,,,,,,,,,,,,,,,,,,,,,,,,,,,,,,,,,,
TT2\cl-maze1.2,1.0,FiringRate,0.0,0.0,1.349800904366606,4.182226582580678,0.0,0.0,0.0,3.5078700659415794,0.0,0.44072667013371647,9.958671513220136,0.0,1.683901964574744,2.956533051082978,0.0,0.0,0.0,0.0,0.0,5.38629678966612,3.0003270356468854,4.518075382034079,0.0,0.7787249235973509,1.9912900971152179,0.0,3.3276098444009636,2.115505917951513,0.926367952115423,0.0,0.0,3.490747627964263,3.2090789836347673,7.060912728883899,0.0,0.0,0.0,0.0,0.0,4.17994379368912,2.8538039065721676,3.140323350530886,0.33059013314076824,2.3049686769162863,1.4153436938064325,3.17101484870944,0.0,0.2895228345211973,2.5732105985398133,0.0,1.361883248472875,10.666985253959584,4.1423516715241835,3.1092848616551967,2.7272776859594288,3.9092430141827337,0.3746503107661886,3.1280736116156995,0.3969227374014739,1.363055825768752,1.9970563389563782,3.492220641992382,1.8007178947755644,3.0169971585920763,,,,,,,,,,,,,,,,,,,,,,,,,,,,,,,,,,,,,,,,,,,,,,
TT2\cl-maze1.2,2.0,Timestamps,3054929373839.0,3054983729256.0,3055053368551.0,3055062410167.0,3055104353587.0,3055396523339.0,3055543773323.0,3055785589040.0,3055872377178.0,3055911718150.0,3056007785201.0,3056023134650.0,3056029408662.0,3056057770030.0,3056082462832.0,3056092506048.0,3056202752783.0,3056256642601.0,3056269154837.0,3056294513841.0,3056352908051.0,3056361383392.0,3056396051841.0,3056408165508.0,3056438196231.0,3056452710240.0,3056475566069.0,3056494554696.0,3056507699674.0,3056601096013.0,3056696428361.0,3056701364899.0,3056797031630.0,3056821491192.0,3056836539008.0,3056843915173.0,3056850452474.0,3056874677816.0,3056938278665.0,3056991163835.0,3056995537032.0,3057055464153.0,3057157370252.0,3057179658928.0,3057229077909.0,3057268083258.0,3057431151525.0,3057438126203.0,3057451538922.0,3057462884541.0,3057532590033.0,3057545035887.0,3057611937378.0,3057723186879.0,3057767433288.0,3057848350448.0,3058002606433.0,3058015320935.0,3058039845292.0,3058087628879.0,3058116824763.0,,,,,,,,,,,,,,,,,,,,,,,,,,,,,,,,,,,,,,,,,,,,,,,,,
TT2\cl-maze1.2,2.0,FiringRate,0.0,1.4263361560525862,0.0,0.0,0.0,1.6426005158586918,0.0,0.0,0.0,0.0,2.675890282076298,0.0,0.5353972540545634,0.0,0.516785983937258,0.0,1.428198056793724,0.0,0.08893428094588367,0.0,0.0,0.9516803343824023,0.0,0.0,1.2668046920756721,0.0,0.5647174690266586,0.0,0.0,0.0,0.0,0.0,0.0,0.0,0.0,0.9986912151625296,0.0,0.0,0.4281657720856468,0.0,0.4557541352281767,0.0,0.0,0.0,0.0,0.0,0.6034868261843278,0.2187701029214888,0.0,0.0,1.2484295796246305,1.6962550081929118,0.0,0.0,0.0,0.0,2.9793560419850853,0.0,0.0,0.0,0.0,,,,,,,,,,,,,,,,,,,,,,,,,,,,,,,,,,,,,,,,,,,,,,,,,
TT2\cl-maze1.5,0.0,Timestamps,3054861503634.0,3055007953794.0,3055170556808.0,3055419511814.0,3055466128498.0,3055701236339.0,3055724125989.0,3055770806968.0,3055777882162.0,3055832938345.0,3056459983528.0,3056546274803.0,3056672603881.0,3056682413709.0,3056793294340.0,3056910382277.0,3056953425791.0,3056980754841.0,3057070514072.0,3057083428299.0,3057328746208.0,3057335321158.0,3057355007081.0,3057374493226.0,3057470658910.0,3057475697226.0,3057503393478.0,3057575835832.0,3057581040502.0,3057595221141.0,3057606867489.0,3057622315282.0,3057626186397.0,3057631024330.0,3057648309420.0,3057657952580.0,3057665693873.0,3057671300185.0,3057683277938.0,3057836202994.0,3057841542711.0,3057864464644.0,3057914116331.0,3058104279393.0,,,,,,,,,,,,,,,,,,,,,,,,,,,,,,,,,,,,,,,,,,,,,,,,,,,,,,,,,,,,,,,,,,
TT2\cl-maze1.5,0.0,FiringRate,0.0,0.0,0.0,0.0,0.0,0.2397324394190132,0.0,0.0,0.0,0.0,0.0,0.0,0.0,0.0,0.0,0.0,0.0,0.0,0.0,0.0,0.0,0.0,0.0,0.0,0.0,0.0,0.0,0.0,0.0,0.0,0.0,0.0,0.0,0.0,0.13321943959377663,0.0,0.0,0.0,0.0,0.0,0.0,0.0,0.0,0.0,,,,,,,,,,,,,,,,,,,,,,,,,,,,,,,,,,,,,,,,,,,,,,,,,,,,,,,,,,,,,,,,,,
TT2\cl-maze1.5,1.0,Timestamps,3055072153426.0,3055097814058.0,3055185137163.0,3055267454761.0,3055302257133.0,3055335125882.0,3055374765841.0,3055479306421.0,3055538168969.0,3055623622953.0,3055647980153.0,3055711145204.0,3055733669758.0,3055753422671.0,3055808479051.0,3055844918766.0,3055888229085.0,3055939749523.0,3055965807883.0,3055988633063.0,3056004548395.0,3056076688193.0,3056110023029.0,3056418875688.0,3056560453906.0,3056594923419.0,3056655653945.0,3056688053524.0,3056933106111.0,3056963403509.0,3057052028159.0,3057109021154.0,3057115160996.0,3057125369765.0,3057181762209.0,3057204452153.0,3057210224012.0,3057237920100.0,3057306758684.0,3057311195724.0,3057387407839.0,3057408028293.0,3057885887343.0,3057893161283.0,3057962065791.0,3057977815945.0,3058030635331.0,3058036743032.0,,,,,,,,,,,,,,,,,,,,,,,,,,,,,,,,,,,,,,,,,,,,,,,,,,,,,,,,,,,,,,
TT2\cl-maze1.5,1.0,FiringRate,0.0,0.5995164300475238,0.0,0.0,1.288467187894593,0.0,0.0,0.0,4.058566994921484,0.0,3.7259351165658803,0.0,0.0,0.0,0.0,0.0,0.0,0.8566058876235869,0.0,1.4802424637155567,0.0,0.0,1.302223220593358,0.0,0.0,0.0,2.1801477922188344,0.0,2.8540414654171036,0.0,0.0,0.0,0.0,0.0,0.0,0.956740347366907,0.0,0.0,0.0,0.3057386845348507,0.0,1.3615408285248252,0.0,0.5656444528662619,0.0,1.3323145568022319,0.5496059188160609,0.0,,,,,,,,,,,,,,,,,,,,,,,,,,,,,,,,,,,,,,,,,,,,,,,,,,,,,,,,,,,,,,
TT2\cl-maze1.5,2.0,Timestamps,3055199851901.0,3055357114379.0,3055792529055.0,3056060605386.0,3056173088713.0,3056326813315.0,3056356345027.0,3056414172299.0,3056417908910.0,3056508568444.0,3056510836070.0,3056526252317.0,3056573667617.0,3056655987170.0,3056659389305.0,3056724990324.0,3057007948795.0,3057022230549.0,3057025733697.0,3057181429613.0,3057252969292.0,3057257907600.0,3057316366580.0,3057406861528.0,3057710574755.0,3057791055931.0,3058017056834.0,,,,,,,,,,,,,,,,,,,,,,,,,,,,,,,,,,,,,,,,,,,,,,,,,,,,,,,,,,,,,,,,,,,,,,,,,,,,,,,,,,,
TT2\cl-maze1.5,2.0,FiringRate,0.0,0.8563760335745078,1.3016731706936095,0.0,0.0,0.0,0.0,0.0,0.0,0.0,2.994079208365457,0.0,0.0,0.0,0.0,0.0,0.8850281432627928,0.0,0.0,0.0,0.0,0.0,0.0,0.7134317619463703,0.0,0.0,0.0,,,,,,,,,,,,,,,,,,,,,,,,,,,,,,,,,,,,,,,,,,,,,,,,,,,,,,,,,,,,,,,,,,,,,,,,,,,,,,,,,,,
TT3\cl-maze1.1,0.0,Timestamps,3054869312111.0,3054913056066.0,3054945255605.0,3055014328086.0,3055047394774.0,3055084034120.0,3055120604459.0,3055124473791.0,3055133016975.0,3055361552684.0,3055382774461.0,3055453581020.0,3055484411918.0,3055525955267.0,3055556485646.0,3055599463398.0,3055627293623.0,3055686788260.0,3055756759355.0,3055793897579.0,3055849455960.0,3055944385696.0,3055970548487.0,3055977920202.0,3056045022232.0,3056102214861.0,3056148698894.0,3056211795047.0,3056323978010.0,3056433924439.0,3056446203961.0,3056527019963.0,3056564058686.0,3056573735413.0,3056661826988.0,3056808711542.0,3056812081302.0,3056885822428.0,3056921226168.0,3056924998497.0,3056967440874.0,3057022163688.0,3057088633411.0,3057102479962.0,3057198111113.0,3057318902728.0,3057364850277.0,3057370188262.0,3057389976375.0,3057402889643.0,3057479669358.0,3057491014181.0,3057633793027.0,3057698595257.0,3057709438020.0,3057875843342.0,3057883585962.0,3057932300937.0,3057943346358.0,3058075717027.0,,,,,,,,,,,,,,,,,,,,,,,,,,,,,,,,,,,,,,,,,,,,,,,,,,
TT3\cl-maze1.1,0.0,FiringRate,0.0,0.0,0.0,0.0,0.0,0.0,0.0,0.0,0.0,0.0,0.0,0.0,0.0,0.0,0.0,0.0,0.0,0.0,0.0,0.0,0.0,0.0,0.0,0.0,0.0,0.0,0.0,0.0,0.0,0.0,0.0,0.0,3.3289662228291625,1.9556535989893182,0.0,6.151380869666848,4.232678820098452,0.0,5.99250936329588,0.0,2.4972384704580852,0.9148427751206678,3.5267130882872317,6.6652669606049395,0.0,0.0,7.134245089855816,0.0,0.0,0.7684750036214385,7.134326526710205,0.0,8.134732868930472,0.6737049748228029,5.3244415160016105,5.9916476431853996,0.0,4.992059060337592,0.0,0.0,,,,,,,,,,,,,,,,,,,,,,,,,,,,,,,,,,,,,,,,,,,,,,,,,,
TT3\cl-maze1.1,1.0,Timestamps,3055200085703.0,3055358114779.0,3056508734980.0,3057008916408.0,3057013654332.0,3057252900942.0,3057411331240.0,,,,,,,,,,,,,,,,,,,,,,,,,,,,,,,,,,,,,,,,,,,,,,,,,,,,,,,,,,,,,,,,,,,,,,,,,,,,,,,,,,,,,,,,,,,,,,,,,,,,,,,
TT3\cl-maze1.1,1.0,FiringRate,0.0,1.0155578383038966,0.0,0.0,0.515912282530075,3.2650646722883394,1.9328564332227096,,,,,,,,,,,,,,,,,,,,,,,,,,,,,,,,,,,,,,,,,,,,,,,,,,,,,,,,,,,,,,,,,,,,,,,,,,,,,,,,,,,,,,,,,,,,,,,,,,,,,,,
TT3\cl-maze1.2,0.0,Timestamps,3054926304580.0,3054934378668.0,3054975320626.0,3055116066137.0,3055348672996.0,3055399224690.0,3055456316951.0,3055558053960.0,3055660260909.0,3055788026302.0,3055813018122.0,3055912553795.0,3056009819793.0,3056085999343.0,3056090337547.0,3056172021703.0,3056203653100.0,3056255973481.0,3056293880930.0,3056442098979.0,3056454779384.0,3056471929738.0,3056492218600.0,3056524550357.0,3056598961310.0,3056619348795.0,3056723591588.0,3056792625834.0,3056839809929.0,3056875979479.0,3056943417375.0,3057004545755.0,3057155267858.0,3057261042707.0,3057294109755.0,3057414401277.0,3057453540605.0,3057462150012.0,3057522880756.0,3057535125726.0,3057546972929.0,3057611371765.0,3057757089662.0,3057764928863.0,3057789120361.0,3057847581669.0,3058066206956.0,3058115857813.0,,,,,,,,,,,,,,,,,,,,,,,,,,,,,,,,,,,,,,,,,,,,,,,,,,,,,,,,,,,,,,
TT3\cl-maze1.2,0.0,FiringRate,0.0,0.0,1.3565932342748954,2.7214824023504898,0.6118722802277143,2.703720860648424,3.227201435459199,4.4579002270981745,1.426623069065676,1.7804582246635603,3.996626846941181,4.8322811846433975,11.206804771857472,3.087289584675753,0.5355933946337826,16.096727535292075,1.8049251353152374,1.9911433941826755,0.0,10.884235273629676,1.763605185234392,2.880796667033488,6.247973313656383,3.7368020821461196,5.876863259496423,4.282117307176258,5.484215058009285,2.87715828830181,0.0,5.201614581165994,1.8743503033261097,5.403145908025685,4.895652232448016,5.61699928664109,2.8534246700982493,1.8349981864101257,9.441310453891,14.93165037042936,1.8504640038489653,16.30864657260202,16.41209680948838,7.480904990012991,0.9486749761740281,0.0,5.614371293345285,0.0,0.8099918433821371,2.9970988083535137,,,,,,,,,,,,,,,,,,,,,,,,,,,,,,,,,,,,,,,,,,,,,,,,,,,,,,,,,,,,,,
TT3\cl-maze1.2,1.0,Timestamps,3054949994539.0,3054983963537.0,3055051666236.0,3055062545192.0,3055103319358.0,3055395821736.0,3055543072670.0,3055785523485.0,3055871678874.0,3055993236370.0,3056006417724.0,3056023199489.0,3056033246214.0,3056058703407.0,3056269154837.0,3056296381404.0,3056354509460.0,3056412067800.0,3056437494260.0,3056477035866.0,3056496121644.0,3056507833960.0,3056603466216.0,3056650514024.0,3056695795066.0,3056704670548.0,3056862198338.0,3056938143341.0,3057054697231.0,3057158438501.0,3057179793332.0,3057229210066.0,3057269952144.0,3057447568484.0,3057464118972.0,3057769600215.0,3057981452390.0,3058002907629.0,3058015486279.0,3058038678825.0,3058086761379.0,,,,,,,,,,,,,,,,,,,,,,,,,,,,,,,,,,,,,,,,,,,,,,,,,,,,,,,,,,,,,,,,,,,,,
TT3\cl-maze1.2,1.0,FiringRate,0.0,0.0,1.4985823411053145,3.3870880333212043,0.0,0.0,0.0,0.0,0.0,0.0,0.0,0.0,0.0,1.3013547102533738,0.08945362352923707,0.0,0.0,0.5540952068548226,0.0,0.0,0.0,17.43396884300711,0.0,1.274549414918091,1.4982463027026864,0.0,0.39954110307065716,0.0,0.0,0.0,3.237018544069984,0.0,0.0,3.9075016216131733,0.0,0.22196016125849635,2.139893390511285,1.3689139417040392,4.077050824515578,0.9080384100247441,2.3054755043227666,,,,,,,,,,,,,,,,,,,,,,,,,,,,,,,,,,,,,,,,,,,,,,,,,,,,,,,,,,,,,,,,,,,,,
TT3\cl-maze1.2,2.0,Timestamps,3054928471601.0,3054979290841.0,3054983463535.0,3055348038344.0,3055398755882.0,3055785823678.0,3055813550216.0,3055911952120.0,3056009419585.0,3056023401397.0,3056029107468.0,3056082696973.0,3056092239452.0,3056168050653.0,3056203085583.0,3056256508077.0,3056294314112.0,3056361682740.0,3056385607586.0,3056395116248.0,3056403862052.0,3056440331184.0,3056452944860.0,3056472329583.0,3056491451388.0,3056599762016.0,3056701364899.0,3056794328290.0,3056821657006.0,3056829631842.0,3056836539008.0,3056874747363.0,3056938378293.0,3056995537032.0,3057001176703.0,3057154399418.0,3057261611723.0,3057414868526.0,3057432119264.0,3057440861468.0,3057451538922.0,3057462617391.0,3057523347259.0,3057532856969.0,3057545269914.0,3057611772786.0,3057723386399.0,3057740738226.0,3057759757523.0,3057765096081.0,3057848082208.0,3058040313572.0,3058057464227.0,3058116559251.0,,,,,,,,,,,,,,,,,,,,,,,,,,,,,,,,,,,,,,,,,,,,,,,,,,,,,,,,
TT3\cl-maze1.2,2.0,FiringRate,0.0,2.219103149462145,2.14633266868565,0.0,0.0,3.2277252375836327,0.6807986857862169,3.5225965763883873,2.721806844255491,0.0,0.24772477183309893,0.840805996628368,1.199006263608721,0.0,1.8753774197057158,0.8561526554430762,3.074521402704272,0.5548779878792452,1.2488801057926338,0.15364339184380982,0.24469330569277753,0.0,1.0800672773907087,2.354341191125418,2.371688933591632,1.0897231748975729,0.0,1.5604071039717977,0.4281369918495561,0.0,0.0,3.3328722860004363,0.5601901957752696,0.0,0.0,2.246690624709802,0.8495657020131309,0.0,0.24978942751260688,0.16556850595616143,0.0,0.6965078489469497,0.42788436852824896,0.44718479285506024,0.0,0.9516690133238421,0.0,0.0,0.0,0.0,0.5759290455415893,0.0,0.0,0.8323968868356433,,,,,,,,,,,,,,,,,,,,,,,,,,,,,,,,,,,,,,,,,,,,,,,,,,,,,,,,
TT3\cl-maze1.2,3.0,Timestamps,3054874484103.0,3054919295785.0,3054925935984.0,3054946424966.0,3055015463141.0,3055048430512.0,3055076490473.0,3055117134790.0,3055128145182.0,3055130480905.0,3055201721325.0,3055282003994.0,3055308062470.0,3055339597221.0,3055350341661.0,3055360116244.0,3055381606419.0,3055401627364.0,3055454081593.0,3055525186304.0,3055557555290.0,3055626158727.0,3055658526027.0,3055685117634.0,3055716752096.0,3055736707068.0,3055755792302.0,3055790728673.0,3055811314791.0,3055847387514.0,3055890698082.0,3055969646931.0,3056046091005.0,3056090069303.0,3056103515721.0,3056149864134.0,3056172487798.0,3056214631426.0,3056325012781.0,3056434891282.0,3056447104035.0,3056493219521.0,3056525117241.0,3056597491300.0,3056620083212.0,3056631193850.0,3056723991526.0,3056815785101.0,3056886758321.0,3056929068384.0,3056966205778.0,3057006614557.0,3057015958751.0,3057103247347.0,3057156035844.0,3057198945733.0,3057258841280.0,3057388975942.0,3057405826407.0,3057412865088.0,3057491514633.0,3057705034731.0,3057710940525.0,3057790288561.0,3057884152279.0,3058076682857.0,,,,,,,,,,,,,,,,,,,,,,,,,,,,,,,,,,,,,,,,,,,,
TT3\cl-maze1.2,3.0,FiringRate,0.0,0.0,0.0,0.0,0.0,0.0,0.0,0.0,0.0,0.0,0.0,0.0,0.0,0.0,0.6572129648664464,0.0,0.0,0.9083301825630125,0.0,0.0,0.0,0.0,0.0,0.0,0.0,0.0,0.0,1.762987488077797,0.0,0.0,0.0,0.0,0.0,0.4909324771470932,0.0,0.0,0.0,0.0,0.0,0.0,0.0,0.0,2.5670250233599274,2.348279151684156,0.7053025527544269,0.7492758249152195,0.4162518023703043,0.0,0.0,0.0,0.0,0.0,5.993731796623172,0.0,2.7247510939875643,0.0,0.0,0.0,0.0,0.6646487929313272,0.0,2.8895063603452815,0.0,0.0,0.0,0.0,,,,,,,,,,,,,,,,,,,,,,,,,,,,,,,,,,,,,,,,,,,,
TT3\cl-maze1.2,4.0,Timestamps,3055005652985.0,3055168854782.0,3055236288815.0,3055418678793.0,3055465828203.0,3055549880157.0,3055699700460.0,3055723659207.0,3055770106180.0,3055817923080.0,3056041852846.0,3056459684022.0,3056463320972.0,3056539866414.0,3056671702892.0,3056677642056.0,3056909682466.0,3056952325708.0,3056956663323.0,3056979687649.0,3057069678106.0,3057079523186.0,3057328078582.0,3057354507789.0,3057361413091.0,3057373960595.0,3057381969485.0,3057470157923.0,3057502760375.0,3057507897289.0,3057575400277.0,3057594319089.0,3057603764022.0,3057621849463.0,3057626753395.0,3057647807942.0,3057653146640.0,3057669965548.0,3057682377536.0,3057835669429.0,3057841708172.0,3057865567008.0,3057872540764.0,3057913549278.0,3057920823787.0,3057926229071.0,3058102410381.0,,,,,,,,,,,,,,,,,,,,,,,,,,,,,,,,,,,,,,,,,,,,,,,,,,,,,,,,,,,,,,,
TT3\cl-maze1.2,4.0,FiringRate,0.0,2.644780422982672,2.7013871868785273,2.842017051843946,0.0,0.0,0.3386172294541457,2.4602364287208,1.4644646525546348,0.0,0.0,0.0,0.0,1.1729761230046742,0.0,0.0,0.32817751865853284,0.0,0.0,0.0,0.0,0.6179756446528808,0.06749283749135332,0.0,0.0,0.0,0.0,0.5303181564231737,0.0,0.5601862731395443,0.0,0.0,0.768538099635841,0.0,0.0,0.0,0.0,0.0,0.0,0.0,0.0,0.0,0.0,0.0,0.0,0.0,0.0,,,,,,,,,,,,,,,,,,,,,,,,,,,,,,,,,,,,,,,,,,,,,,,,,,,,,,,,,,,,,,,
TT3\cl-maze1.2,5.0,Timestamps,3054861503634.0,3055466561227.0,3055770941137.0,3055832938345.0,3056460084815.0,3056672971318.0,3056682413709.0,3056953593259.0,3057341492316.0,3057359143926.0,3057476365285.0,3057576102157.0,3057581040502.0,3057622683466.0,3057661990246.0,3057665693873.0,3058106849687.0,,,,,,,,,,,,,,,,,,,,,,,,,,,,,,,,,,,,,,,,,,,,,,,,,,,,,,,,,,,,,,,,,,,,,,,,,,,,,,,,,,,,,,,,,,,,,
TT3\cl-maze1.2,5.0,FiringRate,0.0,0.0,1.4692399915371777,1.5780350150189484,0.3187725471807278,0.0,1.7584643682365064,0.0,0.0,0.0,0.0,0.0,0.0,0.0,0.0,0.0,0.0,,,,,,,,,,,,,,,,,,,,,,,,,,,,,,,,,,,,,,,,,,,,,,,,,,,,,,,,,,,,,,,,,,,,,,,,,,,,,,,,,,,,,,,,,,,,,
TT3\cl-maze1.5,0.0,Timestamps,3054887230070.0,3054895038866.0,3054957502748.0,3054986265165.0,3055026907811.0,3055065313268.0,3055070453708.0,3055096279853.0,3055178898223.0,3055265854332.0,3055297787550.0,3055329453000.0,3055369993314.0,3055390948688.0,3055409434185.0,3055471132235.0,3055507570213.0,3055536332200.0,3055572035033.0,3055617983283.0,3055646513081.0,3055665098874.0,3055709579308.0,3055731901256.0,3055751787302.0,3055783120890.0,3055806778084.0,3055838644577.0,3055866974410.0,3055886562302.0,3055906845847.0,3055930272171.0,3055957933243.0,3055986965194.0,3055998074711.0,3056018962597.0,3056034778072.0,3056051495068.0,3056078692660.0,3056094640598.0,3056112058254.0,3056155871171.0,3056177091335.0,3056199816441.0,3056218768423.0,3056281300523.0,3056298986525.0,3056341662733.0,3056359047525.0,3056421012042.0,3056450541684.0,3056478170104.0,3056498424435.0,3056515340816.0,3056554181792.0,3056593222031.0,3056605701610.0,3056638136179.0,3056686617578.0,3056709274749.0,3056730194983.0,3056737336575.0,3056755053583.0,3056798699858.0,3056819355448.0,3056891496016.0,3056935541116.0,3056961902711.0,3056988229227.0,3057047156656.0,3057127170616.0,3057160638194.0,3057183361869.0,3057212127172.0,3057222871590.0,3057231412808.0,3057236184665.0,3057270787136.0,3057304486773.0,3057386138887.0,3057496618698.0,3057529554197.0,3057543234504.0,3057614874716.0,3057637399575.0,3057720282877.0,3057797263389.0,3057895631072.0,3057965003464.0,3057973711288.0,3057986090478.0,3058011351145.0,,,,,,,,,,,,,,,,,,
TT3\cl-maze1.5,0.0,FiringRate,0.4873915462423696,2.4965454052954223,2.854528924227957,0.0,3.617887040263465,1.7596216109687772,2.1425250514741645,8.845267958547536,2.791011825517105,7.19226974847434,2.996528113562967,1.7760502728790242,9.343506543257632,4.999487552525866,1.702289340842926,1.3683930221808298,1.0487961393514456,5.445832123148417,1.4612203089165856,1.0477703656173736,6.416590737009612,6.654677156656091,11.686260630323508,10.382754475543999,11.955334868929679,3.6579361485297657,8.16877784191781,8.328794140526746,7.894554020854254,12.017028128858591,2.8674173140392254,5.993270755595617,1.3027567635874273,13.152752307368548,1.3277640586029533,3.616554312379362,4.12316300203375,11.200528664952987,1.7847008305997665,5.610927093483657,8.334041726880118,0.9666666747222222,3.986700367573774,4.555578628717685,6.842297027535114,4.435307710560689,2.500468837907108,1.5106451386306454,4.368834482336802,12.669514139969625,4.611546389850909,3.9900169775222394,0.0,1.872012385233941,12.857051021064136,6.505630623304469,0.8557584844174937,1.8457991687443445,5.997657914584354,8.560434527656623,8.53938149259849,0.881550082402894,1.8545861776265578,6.6458209416463685,5.615646438900207,2.026138811580437,3.040605549626375,8.85264419629499,2.3352682328013334,1.5242601241357445,5.988011999976048,0.5725191932288537,6.645368261388915,4.611977073861966,0.0,0.0,0.0,0.0,10.569614121004467,8.542572980268792,2.443907735151275,3.4135686318834138,3.4846240961756254,0.0,10.72942953769034,3.11239116843444,0.7886161678932277,4.092172084020477,7.5,4.6084090792571475,1.719617159175257,0.0,,,,,,,,,,,,,,,,,,
TT3\cl-maze1.5,1.0,Timestamps,3054922334321.0,3054946858062.0,3055129111422.0,3055196816546.0,3055281703095.0,3055338060762.0,3055357981867.0,3055376368376.0,3055406165539.0,3055455382853.0,3055481343841.0,3055524786935.0,3055625492351.0,3055684717144.0,3055716385305.0,3055736438121.0,3055754924790.0,3055792595712.0,3055846785714.0,3055890029840.0,3055969278139.0,3056046491320.0,3056103784712.0,3056150699684.0,3056173156248.0,3056215032408.0,3056325312766.0,3056415137562.0,3056508801899.0,3056562089053.0,3056570798491.0,3056632663407.0,3056660256686.0,3056726458226.0,3056816117324.0,3056887022803.0,3056929368732.0,3057008083088.0,3057015156103.0,3057103580271.0,3057199212722.0,3057252900942.0,3057257907600.0,3057317068434.0,3057388608963.0,3057406125963.0,3057409864486.0,3057634828362.0,3057711307286.0,3057791055931.0,3057884384930.0,,,,,,,,,,,,,,,,,,,,,,,,,,,,,,,,,,,,,,,,,,,,,,,,,,,,,,,,,,,
TT3\cl-maze1.5,1.0,FiringRate,0.0,0.0,0.0,0.25626609030714514,0.0,0.0,1.4270268418992207,0.0,0.0,0.0,0.0,0.0,0.0,0.0,0.0,0.0,0.0,5.162867828518443,0.0,0.0,0.0,0.0,0.0,0.0,0.0,0.0,0.0,0.0,0.0,0.0,0.0,0.0,0.0,0.0,0.0,0.0,0.0,2.5773204179511655,9.970870813124515,0.0,0.0,1.123390602538039,0.0,0.0,0.0,0.0,2.623834689418562,0.0,0.0,0.0,0.0,,,,,,,,,,,,,,,,,,,,,,,,,,,,,,,,,,,,,,,,,,,,,,,,,,,,,,,,,,,
TT3\cl-maze1.6,0.0,Timestamps,3054861703482.0,3054905948246.0,3054938683621.0,3054969815589.0,3055003584404.0,3055010892977.0,3055034082242.0,3055039421358.0,3055088805589.0,3055114197939.0,3055163915470.0,3055234588650.0,3055290745593.0,3055320409767.0,3055343201483.0,3055363488096.0,3055385109170.0,3055415542316.0,3055426285664.0,3055463758458.0,3055500196164.0,3055528523849.0,3055548311208.0,3055560890691.0,3055602768947.0,3055632832364.0,3055696431005.0,3055705606834.0,3055723225282.0,3055727997386.0,3055739409611.0,3055759094375.0,3055768605278.0,3055773443507.0,3055778983144.0,3055799971835.0,3055817354673.0,3055826199097.0,3055851357269.0,3055896671583.0,3055922831257.0,3055946322399.0,3055982158093.0,3056012756847.0,3056040819588.0,3056098811447.0,3056130011677.0,3056144260654.0,3056165280134.0,3056207925536.0,3056233817422.0,3056287673913.0,3056316470489.0,3056429518705.0,3056458083090.0,3056465157491.0,3056490014243.0,3056522784105.0,3056537864389.0,3056549244269.0,3056577872666.0,3056663528148.0,3056670635703.0,3056678611144.0,3056722152982.0,3056770604205.0,3056804205787.0,3056909048336.0,3056918690778.0,3056951225423.0,3056957131226.0,3056975383231.0,3056983623315.0,3057036245080.0,3057068344483.0,3057085861221.0,3057152964685.0,3057194274666.0,3057323641864.0,3057342860946.0,3057353372519.0,3057362414670.0,3057373258577.0,3057382200026.0,3057469325549.0,3057477633834.0,3057501759961.0,3057511334651.0,3057537194935.0,3057574733838.0,3057582673361.0,3057593753062.0,3057607633428.0,3057621414477.0,3057631526094.0,3057647409448.0,3057663126770.0,3057667361465.0,3057681943719.0,3057685212761.0,3057782749082.0,3057788219736.0,3057833633755.0,3057843076601.0,3057862029967.0,3057872907847.0,3057912914911.0,3057929598815.0,3058101408836.0,3058113189094.0
TT3\cl-maze1.6,0.0,FiringRate,0.0,0.8900170349260484,1.8103461281222184,2.0982207088389044,2.2671892621885985,2.0921888130664166,1.03421457608234,1.7633175762206044,1.6284735340481247,3.329501631871987,2.1818728852340605,1.9384983079892075,1.6463436518470493,3.0674911768335513,2.1668104586162675,2.910383754470713,3.099135134688413,3.1012439864940826,3.4193879295606084,3.931402916216398,2.3877315171009332,3.4579182870855973,1.9184647677542523,2.675210218018932,3.886999375303672,2.561497061834795,2.0283820227656584,3.747184927323348,7.808250197158317,6.654798941886968,0.7136884250442783,1.6952945404734618,2.4560007466242273,0.8993309876782661,0.0,1.7127496225528018,3.523490228480724,0.7252309165456235,2.937454542890949,3.0750669980222196,1.473529515778554,4.769214312820943,4.181531430132534,3.2387444521319644,3.041613619476755,2.8506745408632317,3.278945004129129,1.6059531613054152,1.1217995459596466,1.3942081803770774,2.5778062482156745,2.2196039116819604,1.9860499849060202,1.6415900112530994,1.6973961377448283,2.020554426664314,0.8795453805836839,0.0,1.933442685629228,5.117628695567622,1.8461659422999297,1.461112491050686,2.8301512998884917,1.66781746071456,1.150076997654993,3.3286222233465566,3.438458470298596,4.051351692978845,4.2858526575286575,3.2716321682142397,2.2229854472257697,1.4078674448553408,2.2159559911140163,5.314479492631474,3.0989814680908205,9.532667771548255,0.8550355609289789,5.231744896313951,2.242787907703161,4.612418475503445,1.9996973791299584,7.501965514964921,5.986506414541624,4.279052412401379,4.050468841768434,8.826842073672355,2.7281314686554747,0.0,2.367417703628502,6.994732966076544,0.9058102291337555,2.997150459200915,7.993900653801149,3.5980153347413566,6.561390714882265,2.6056255455528485,5.000684184517973,1.2229467366338953,2.5671172813201144,2.5817604818184683,1.461984029286464,0.0,2.0530584205985813,5.9979526988121386,1.6642742724000916,6.315144664176395,1.8707218928712404,4.088457874574289,4.06845358079394,5.3549301235168185
TT3\cl-maze1.8,0.0,Timestamps,3054881757929.0,3054887230070.0,3054956100933.0,3054986431278.0,3055019233387.0,3055065313268.0,3055070487148.0,3055096345407.0,3055178998766.0,3055265921733.0,3055298053233.0,3055330353800.0,3055369993314.0,3055391017471.0,3055408767294.0,3055472298878.0,3055507769768.0,3055536966021.0,3055572035033.0,3055617983283.0,3055647113696.0,3055665232381.0,3055709679086.0,3055731968205.0,3055751787302.0,3055783153461.0,3055806943516.0,3055838713400.0,3055867040155.0,3055886626087.0,3055906915134.0,3055930572723.0,3055959369461.0,3055986965194.0,3055998175667.0,3056002513125.0,3056019028596.0,3056034913193.0,3056050796929.0,3056077657979.0,3056094741896.0,3056108156020.0,3056154837958.0,3056174958985.0,3056199915303.0,3056217567860.0,3056281434920.0,3056299084412.0,3056340060565.0,3056357980561.0,3056420443175.0,3056449640002.0,3056478236785.0,3056498424435.0,3056513573771.0,3056554181792.0,3056593422136.0,3056605968310.0,3056634730960.0,3056686617578.0,3056709340874.0,3056729462958.0,3056737336575.0,3056798733216.0,3056818554703.0,3056889093604.0,3056931237362.0,3056935341096.0,3056961968896.0,3056988295728.0,3057047156656.0,3057117027453.0,3057126905538.0,3057160638194.0,3057182396141.0,3057211726311.0,3057231513653.0,3057236184665.0,3057270852755.0,3057304522003.0,3057386205014.0,3057493449573.0,3057530854929.0,3057543300144.0,3057614874716.0,3057636463474.0,3057719148673.0,3057793225381.0,3057895131624.0,3057959230661.0,3057964802124.0,3057973711288.0,3057987926016.0,3058011417325.0,,,,,,,,,,,,,,,,
TT3\cl-maze1.8,0.0,FiringRate,1.5000622525834824,0.0,0.20807938977805837,0.0,0.10553765578281447,0.0,0.6379202778270394,0.0,0.1646740557013287,0.0,0.7428333297429722,0.2141108010548811,0.2140139776809103,0.0,0.0,0.579045585218935,0.5304161154206684,0.0,1.4156534225603956,1.083192036949847,3.9109400726652668,3.155985365695859,1.4638577188851554,1.8742467870724453,2.6035039257584818,1.5390084783977074,2.0879819932432904,1.7924622075638648,3.459752696877227,3.9942190336519614,2.965686024138707,0.771309915629714,0.6310574614104418,0.6527368276076346,1.8733932725510887,2.0672913676631186,1.8725118998131234,1.1975933164712196,4.286808034164145,1.9990884156824489,0.0,2.7482157209431777,2.779411785142734,3.4168331423703253,0.0,2.45577276047031,0.0,3.310841682172442,1.4618857156222955,1.9722683294729468,3.861439950264653,1.4264602673757123,2.732225506964443,0.0,1.6834438682577233,2.0943565629160017,2.8555784081149826,0.0,1.4444046831933044,3.073523287317567,0.0,4.687015186866608,0.28425737962613656,0.0,1.7622760147185295,1.6758819223873944,0.69657383195017,0.8209135947395856,0.7492202490258263,1.2324078908612437,1.055157514968992,1.4128224943946268,1.7119975073316294,0.40216509601088424,3.485224044142454,4.999212624011719,0.0,3.6711213684961495,0.0,1.9977824614677708,0.9076461015238471,2.080798227492838,2.3664475599164803,3.7459524983255594,0.0,2.996243459762323,1.08947712179755,1.8846404068410938,4.867936927763872,1.3958964831086056,5.349367169863805,0.7615456024929956,0.3171678685478739,0.0,,,,,,,,,,,,,,,,
TT5\cl-maze1.1,0.0,Timestamps,3054932678197.0,3054969447990.0,3055092842105.0,3055113897981.0,3055173023646.0,3055241695925.0,3055294048694.0,3055325014271.0,3055346269905.0,3055367259358.0,3055387413460.0,3055415307898.0,3055468029425.0,3055504299072.0,3055530628148.0,3055547878058.0,3055564795929.0,3055604836035.0,3055635802228.0,3055661061270.0,3055706508165.0,3055728964203.0,3055744047278.0,3055779718312.0,3055803575053.0,3055813619412.0,3055834840119.0,3055853659487.0,3055900941520.0,3055927235263.0,3055948123845.0,3055983960160.0,3056015559581.0,3056128209944.0,3056167718166.0,3056171719675.0,3056303858625.0,3056428819767.0,3056456916417.0,3056486610952.0,3056522082333.0,3056550912277.0,3056587414032.0,3056613407646.0,3056721887013.0,3056769904388.0,3056803840131.0,3056958298056.0,3056984791410.0,3057067911072.0,3057147827379.0,3057193807214.0,3057261710728.0,3057292209876.0,3057299150654.0,3057344028574.0,3057352771631.0,3057383703053.0,3057523780384.0,3057540197613.0,3057584042713.0,3057592718430.0,3057620982076.0,3057675804177.0,3057681543460.0,3057765329041.0,3057788788411.0,3057831231690.0,3057912682027.0,3058098373866.0,3058120227389.0,,,,,,,,,,,,,,,,,,,,,,,,,,,,,,,,,,,,,,,
TT5\cl-maze1.1,0.0,FiringRate,0.8566212971473653,0.0,0.0,0.0,0.0,0.0,0.0,0.0,0.0,0.0,0.0,0.0,0.0,0.0,0.0,0.0,0.0,0.0,0.0,0.0,0.0,0.0,0.0,0.0,0.0,0.0,4.4962411424049495,1.4442878595690027,0.0,0.0,0.0,0.0,0.0,0.0,0.0,0.0,0.0,0.0,5.002326081627957,0.9191418083232703,0.4408121523094149,0.0,0.0,0.8607486068353424,0.0,0.0,0.0,0.0,0.0,0.0,0.6117664404201428,0.0,0.881156641453838,0.0,2.9268885199383305,0.0,0.0,0.0,1.6640097976896888,0.0,0.0,0.0,0.0,0.0,0.0,2.850472750905738,0.0,0.0,0.0,0.37465068506751015,8.959315747192,,,,,,,,,,,,,,,,,,,,,,,,,,,,,,,,,,,,,,,
TT5\cl-maze1.1,1.0,Timestamps,3054962841057.0,3054998210981.0,3055067516112.0,3055748118677.0,3055864204404.0,3056114427718.0,3056590151995.0,3056641137821.0,3056763497423.0,3057129673820.0,3057185698500.0,3057282533466.0,3057638731968.0,3057801066186.0,3057906642678.0,3057966404719.0,,,,,,,,,,,,,,,,,,,,,,,,,,,,,,,,,,,,,,,,,,,,,,,,,,,,,,,,,,,,,,,,,,,,,,,,,,,,,,,,,,,,,,,,,,,,,,
TT5\cl-maze1.1,1.0,FiringRate,0.0,0.0,0.0,0.0,0.0,0.0,0.0,4.759367272087562,12.44887316949694,11.201717666176831,3.0282605241217686,6.8508195506975635,11.02363651395868,8.396805218295944,3.684835526138012,8.00256897014067,,,,,,,,,,,,,,,,,,,,,,,,,,,,,,,,,,,,,,,,,,,,,,,,,,,,,,,,,,,,,,,,,,,,,,,,,,,,,,,,,,,,,,,,,,,,,,
TT5\cl-maze1.2,0.0,Timestamps,3054861735523.0,3054905615709.0,3054969549377.0,3055003316139.0,3055033681185.0,3055039421358.0,3055089506418.0,3055113963525.0,3055168854782.0,3055172291887.0,3055235654466.0,3055291482012.0,3055322213009.0,3055344868397.0,3055366057034.0,3055386176668.0,3055415339522.0,3055464659269.0,3055503366716.0,3055529525430.0,3055547912458.0,3055563294573.0,3055603669698.0,3055634066451.0,3055661795942.0,3055699700460.0,3055705606834.0,3055728229222.0,3055742980023.0,3055774411476.0,3055779016440.0,3055802841567.0,3055815720386.0,3055829000653.0,3055852392111.0,3055897805960.0,3055926166648.0,3055947088471.0,3055982725883.0,3056014258107.0,3056040551958.0,3056098478908.0,3056129475374.0,3056164879995.0,3056233651078.0,3056287239611.0,3056303990565.0,3056316470489.0,3056429119027.0,3056457147862.0,3056489483512.0,3056522082333.0,3056541268511.0,3056549309983.0,3056586047166.0,3056616312052.0,3056671702892.0,3056678643543.0,3056683147524.0,3056721955577.0,3056770172299.0,3056803840131.0,3056908913696.0,3056952325708.0,3056957231766.0,3056978384651.0,3056983691475.0,3057037678165.0,3057067777393.0,3057152500245.0,3057193907081.0,3057292276279.0,3057300417435.0,3057342928254.0,3057352871630.0,3057382267935.0,3057469025192.0,3057501558797.0,3057526083149.0,3057538995882.0,3057582708265.0,3057593718405.0,3057621015200.0,3057647075733.0,3057664359285.0,3057672934753.0,3057681611079.0,3057782582011.0,3057788219736.0,3057833333484.0,3057861595359.0,3057912815727.0,3058100974828.0,,,,,,,,,,,,,,,,,
TT5\cl-maze1.2,0.0,FiringRate,0.0,8.115560588590396,11.905339324217666,10.96902011212026,14.234621081958405,9.085676567176993,11.52983633397324,11.318438268571894,11.241449472494985,12.857450517565956,5.638162693533961,9.994199662640238,7.838964493239916,10.656067431594707,13.476998133435758,10.476328735222763,5.036752386890447,3.997212229984745,11.610300271390768,7.479002699919975,10.991520042287377,17.235238018637038,12.31337540403263,9.444857340315146,6.680673812760755,1.0333076384167248,11.597889570694454,14.421402248407546,9.42494147968154,2.352503887512674,12.254918647765043,5.771139684664927,4.473598388073029,1.2960910218802848,1.5111355579263592,2.4984033641001298,11.128260045180737,6.843444237050065,9.215429085737279,7.853148969952424,9.224468209407727,17.002703429845347,11.70662419329978,5.789781152062233,6.734618972095106,18.84821957147716,7.050930634707147,9.029452992125956,14.981815821047205,8.674531575294933,5.882899704796093,7.61743804229811,0.0,8.819721367362563,6.271628407410557,10.736883625178784,1.7643810286694273,3.7474742023875907,0.0,8.82526850879438,9.242624674341897,12.004544577590087,9.150378992060798,1.8764436888631189,4.283895466096395,0.0,5.001166938952423,6.352479100343761,7.365656992928443,5.882346020769387,12.847855692884856,6.483439270029573,0.0,11.982720916438495,9.779000696142612,4.561071773677012,9.430452130167673,12.623523146413145,1.9342481359892494,7.097013813154552,3.54872797817138,6.299296919722547,3.5959883154353003,11.433373445418503,0.21563300470144642,1.3468784408535168,10.380527053960286,12.056165195642283,20.627836327495032,15.928094957680456,15.351338406438964,15.000562521094542,15.665056571286904,,,,,,,,,,,,,,,,,
TT5\cl-maze1.2,1.0,Timestamps,3054899076494.0,3054963409197.0,3054997110480.0,3055030778070.0,3055055236447.0,3055093008445.0,3055109024454.0,3055173259051.0,3055241896413.0,3055253742852.0,3055294216537.0,3055325180110.0,3055346402897.0,3055367426348.0,3055387545281.0,3055413172423.0,3055468196209.0,3055504432006.0,3055530759488.0,3055535164532.0,3055544740720.0,3055564895719.0,3055605002784.0,3055635802228.0,3055640906831.0,3055662228063.0,3055706707306.0,3055729197873.0,3055744181198.0,3055779851833.0,3055803741302.0,3055815653248.0,3055835206981.0,3055853828044.0,3055860568060.0,3055873347011.0,3055877884266.0,3055901074700.0,3055927367791.0,3055948290081.0,3055951793210.0,3055984092968.0,3055994738936.0,3056015693462.0,3056036880607.0,3056052630837.0,3056096308871.0,3056121169590.0,3056128209944.0,3056160541120.0,3056167850106.0,3056223973718.0,3056283534991.0,3056300987997.0,3056346567514.0,3056422612672.0,3056479539295.0,3056485611309.0,3056499525677.0,3056518043708.0,3056551045292.0,3056587514141.0,3056608371331.0,3056646842975.0,3056683715089.0,3056719518121.0,3056765698480.0,3056800168258.0,3056902739776.0,3056958432820.0,3056984925802.0,3057038879422.0,3057060804004.0,3057066942947.0,3057134180636.0,3057147827379.0,3057175722546.0,3057192004922.0,3057225941558.0,3057289739991.0,3057300283113.0,3057344128877.0,3057351870387.0,3057383836642.0,3057467057085.0,3057499388602.0,3057528186617.0,3057540297365.0,3057584175497.0,3057591684435.0,3057616543204.0,3057645840209.0,3057675936828.0,3057775772863.0,3057781946669.0,3057799431880.0,3057821287212.0,3057850818264.0,3057855623904.0,3057861062009.0,3057897432201.0,3057910779732.0,3057966102407.0,3057995233332.0,3058012650337.0,3058088531207.0,3058094468603.0,,,
TT5\cl-maze1.2,1.0,FiringRate,0.7685441636986772,0.9826068756933519,0.8099920620777916,2.4388493369465465,3.7256644256795144,1.3028223910004504,3.8610998667302767,0.7636193418670341,1.3221325204274985,1.8079317964390595,0.0,0.0,0.856434219000507,0.0,0.4471525993204175,0.4682798908907854,0.0,0.0,0.0,0.0,1.2749662293320005,0.0,0.8877665546823138,8.23108657986006,0.0,2.9356867363911836,5.351090391689114,6.53575192464278,12.858286982270258,10.15838371407923,15.23087051794786,0.0,8.564455880847863,1.6963082395628275,6.943081251092746,0.0,4.8212338605938925,2.8234133068772267,6.716603754478166,0.0,2.397354758759185,8.022201174343289,3.1284594616457575,7.838638400843991,6.043741856401243,4.947598064829477,6.554396103692419,4.281893519189471,4.862871087718901,4.6449633849148775,0.0,1.1608937531040717,1.9418962450384551,2.695257963139652,3.3702260747650956,1.3903582057087491,3.716462641126475,1.7844638863767603,1.6126823490169828,3.574803028353138,7.832340008329923,4.792535147254637,2.9768204232053215,2.256082074976698,5.584683345915794,4.71643410947343,1.8016143365262443,3.9199797729043717,1.0214450689824417,3.7511387385456296,3.4384567812999034,6.3046375653002835,0.0,0.0,0.45591069985939714,0.0,4.049283560259683,2.774245238840321,0.7310187330860541,3.908758119793534,4.2320697783665056,4.475208018856737,1.0336109612375217,3.055793907480339,1.5510344624347208,2.810208362899067,7.505108834799689,3.8662098095408393,0.0,0.49982256299013844,2.2528245914727885,1.665559069885193,1.7730235530221807,2.4267152225419193,0.0,1.3031557218961436,0.1664894525185817,0.8684799949975552,1.7311331016307852,0.0,1.2215896423857402,3.10061976221347,0.0,0.4494409628583486,1.4038562058165507,0.0,0.4634345505287325,,,
TT5\cl-maze1.3,0.0,Timestamps,3054862639091.0,3054908086437.0,3054935845941.0,3054942655224.0,3054972284968.0,3055011325887.0,3055042388899.0,3055087637373.0,3055118602271.0,3055163713916.0,3055227614833.0,3055232886539.0,3055285075264.0,3055316672824.0,3055342798586.0,3055363052782.0,3055384677480.0,3055426652596.0,3055458553611.0,3055494022905.0,3055527390004.0,3055550381850.0,3055559756853.0,3055600932372.0,3055632331351.0,3055689557202.0,3055722925972.0,3055738740737.0,3055758228698.0,3055766903389.0,3055799503048.0,3055818357085.0,3055824363233.0,3055850756043.0,3055893199982.0,3055914088664.0,3055920896527.0,3055945822011.0,3055981491795.0,3056010989170.0,3056042587918.0,3056099980176.0,3056144260654.0,3056207157145.0,3056237555889.0,3056288974885.0,3056319905818.0,3056431088678.0,3056443166626.0,3056466657752.0,3056471663800.0,3056537463994.0,3056577439583.0,3056663161421.0,3056670401536.0,3056771471443.0,3056792226646.0,3056805406782.0,3056878047766.0,3056919224611.0,3056946819448.0,3056973846409.0,3057035878134.0,3057086262630.0,3057195476431.0,3057320236860.0,3057362881632.0,3057372659097.0,3057398685173.0,3057477966981.0,3057515838055.0,3057536260992.0,3057548140044.0,3057573364553.0,3057607967269.0,3057631757427.0,3057686847620.0,3057843576196.0,3057873374333.0,3057929867648.0,3058072410950.0,3058113520870.0,,,,,,,,,,,,,,,,,,,,,,,,,,,,
TT5\cl-maze1.3,0.0,FiringRate,0.0,0.0,0.2723921313540232,0.5653965974432766,0.4051154741147417,0.0,0.23583542932071144,1.2760188212776138,0.0,0.3367065720072257,0.0,0.0,0.0,0.0,0.0,0.0,0.0,0.1712513214180089,0.0,0.0,0.5764253557985508,1.410914339510434,0.0,0.0,0.6808904685547759,0.0,0.0,0.0,0.0,0.0,0.0,1.3747692449822297,0.4720397854012727,5.376232597327091,2.0906365268116,0.4103914395628839,0.0,3.998292729004715,9.631313325885118,3.2406244683350485,15.93927324414841,13.564626879950197,3.2478182780717053,3.5566503263988816,1.5454113893397412,5.038244251429602,3.1513591496876687,4.613787535084009,1.9125432234768507,7.493355501176691,10.174078482841416,15.835243092974869,14.192002018418066,11.315366040776052,0.0,5.989942885894583,0.0,12.41247380602954,1.9635207301155482,11.236270681760722,2.335503664989126,4.74354640511584,17.99366622948722,14.315665632902085,10.538766040204582,24.943129664365248,17.1335805328258,7.485104641762892,4.280207399095756,14.981844728161237,1.8639812718632456,2.7249872061850673,1.8386530469055102,5.995106793834872,5.5947682992529675,15.363472882318101,20.419748347021372,5.916846853143491,5.285440197886881,11.997288612773513,1.8424213838795498,8.634002890664167,,,,,,,,,,,,,,,,,,,,,,,,,,,,
TT5\cl-maze1.3,1.0,Timestamps,3054984064522.0,3055051733419.0,3055061910811.0,3055103820608.0,3055395954899.0,3055543172328.0,3055785556309.0,3055871813333.0,3055911718150.0,3055993337523.0,3056006584043.0,3056023134650.0,3056033344577.0,3056057336942.0,3056093106928.0,3056202752783.0,3056280166650.0,3056297483809.0,3056352807909.0,3056361383392.0,3056413704233.0,3056437861547.0,3056452710240.0,3056477135988.0,3056497189869.0,3056507266312.0,3056603997789.0,3056650213422.0,3056695928336.0,3056705103878.0,3056797632401.0,3056862198338.0,3056867103676.0,3056938177964.0,3056991163835.0,3056998772862.0,3057055063490.0,3057159339142.0,3057179592944.0,3057228978186.0,3057269919453.0,3057446935353.0,3057464184540.0,3057532590033.0,3057545035887.0,3057613974837.0,3057723186879.0,3057771435505.0,3057849852047.0,3057981551947.0,3058002206480.0,3058015255340.0,3058039045277.0,3058086861002.0,,,,,,,,,,,,,,,,,,,,,,,,,,,,,,,,,,,,,,,,,,,,,,,,,,,,,,,,
TT5\cl-maze1.3,1.0,FiringRate,0.0,0.0,0.0,0.0,0.0,0.0,0.0,0.0,0.0,0.0,0.0,0.0,0.0,0.0,0.0,0.0,0.0,0.0,0.0,0.0,0.0,0.0,0.0,0.0,0.0,0.0,0.0,0.0,0.0,0.0,0.0,0.0,0.0,0.0,0.0,0.0,0.0,0.0,3.334789524759145,0.6382492567587404,0.0,0.0,0.0,0.0,0.0,0.0,0.0,0.0,0.0,0.6967077770702323,3.644457522497776,18.96672446249093,11.326952483434333,12.483012700217122,,,,,,,,,,,,,,,,,,,,,,,,,,,,,,,,,,,,,,,,,,,,,,,,,,,,,,,,
TT5\cl-maze1.3,2.0,Timestamps,3054880757967.0,3054953465026.0,3055018764516.0,3055071920567.0,3055097548113.0,3055181566477.0,3055267221159.0,3055301923306.0,3055334891183.0,3055371763431.0,3055392751510.0,3055408101248.0,3055479007264.0,3055515176969.0,3055537833502.0,3055577209235.0,3055623355502.0,3055647681173.0,3055666368229.0,3055710945719.0,3055733435929.0,3055753188552.0,3055808245588.0,3055840279119.0,3055868407859.0,3055887994790.0,3055932040195.0,3055939281336.0,3055965542904.0,3055988031326.0,3056004314783.0,3056050528671.0,3056076522413.0,3056107488080.0,3056154436642.0,3056174256313.0,3056216501854.0,3056327580939.0,3056339459589.0,3056356711277.0,3056418975633.0,3056448839834.0,3056512706919.0,3056555516033.0,3056594689903.0,3056634298107.0,3056652916413.0,3056687818789.0,3056728861485.0,3056818019688.0,3056888561731.0,3056930636652.0,3056963170336.0,3057051727890.0,3057115160996.0,3057181762209.0,3057203351462.0,3057211458979.0,3057237717567.0,3057306323478.0,3057311195724.0,3057387173587.0,3057492950466.0,3057635863178.0,3057718848016.0,3057792657444.0,3057885754099.0,3057958228135.0,3057977314833.0,3058017555282.0,3058030536272.0,3058037008850.0,,,,,,,,,,,,,,,,,,,,,,,,,,,,,,,,,,,,,,
TT5\cl-maze1.3,2.0,FiringRate,0.0,0.0,0.0,0.0,3.0538869456605235,0.0,0.0,1.7450529928967617,0.0,0.2997188637058439,0.0,0.0,0.0,0.0,1.9782013515071633,0.24572125577322093,0.0,0.0,0.0,0.0,0.0,0.0,0.8330216444013864,0.5449590290719293,0.0,0.0,0.0,0.0,0.0,1.7626876050451645,2.1407271193733663,10.706408856341406,0.7882612140010956,0.49521363640077737,0.0,0.0,0.0,0.0,1.3610127023315508,0.0,0.0,0.0,0.0,0.1897008379844817,9.214572846957463,1.8943818947607711,0.0,19.934892640635685,6.796405517050143,1.3625054840845734,1.6691899254372862,0.22041797861284354,1.5783351405270691,0.809755283855666,0.0,0.0,0.0,0.0,3.3259469594608637,7.677450559960341,0.2967974662993897,33.462015329125336,9.019070825260012,7.490823740917376,8.331306048861444,4.99438755698284,4.994693138540301,0.31373218314931894,2.5878147198598143,0.4047200066050305,0.0,0.9651680502350667,,,,,,,,,,,,,,,,,,,,,,,,,,,,,,,,,,,,,,
TT5\cl-maze1.3,3.0,Timestamps,3054926237327.0,3054975555326.0,3055116532870.0,3055349673841.0,3055399324402.0,3055456316951.0,3055558053960.0,3055660126729.0,3055788091269.0,3055790562281.0,3055812650369.0,3056009853306.0,3056086399711.0,3056090170045.0,3056172120525.0,3056472064294.0,3056492417778.0,3056524717347.0,3056598861918.0,3056619516411.0,3056723689438.0,3056792995540.0,3057004678349.0,3057155367211.0,3057261011268.0,3057294278033.0,3057414369642.0,3057453675546.0,3057462117865.0,3057547037834.0,3057706836861.0,3057789221285.0,3058066708416.0,,,,,,,,,,,,,,,,,,,,,,,,,,,,,,,,,,,,,,,,,,,,,,,,,,,,,,,,,,,,,,,,,,,,,,,,,,,,,
TT5\cl-maze1.3,3.0,FiringRate,0.0,0.0,0.0,0.0,0.0,0.0,0.0,0.0,0.0,0.0,0.0,0.0,0.0,0.0,0.0,0.0,0.0,0.0,0.0,0.0,0.0,0.0,0.0,1.9547157517510994,0.0,3.058982380567386,0.0,0.0,0.0,0.0,0.0,11.65030769294782,0.0,,,,,,,,,,,,,,,,,,,,,,,,,,,,,,,,,,,,,,,,,,,,,,,,,,,,,,,,,,,,,,,,,,,,,,,,,,,,,
TT5\cl-maze1.3,4.0,Timestamps,3054913056066.0,3055085034627.0,3055126276989.0,3055628894930.0,3055687620409.0,3055795901118.0,3055978186953.0,3056529055818.0,3056532692682.0,3056535962366.0,3056575137059.0,3056809710720.0,3056922193718.0,3056967641889.0,3057030873524.0,3057089733664.0,3057100611074.0,3057364817438.0,3057370056211.0,3057391344713.0,3057403057135.0,3057480302633.0,3057485975806.0,3057689053060.0,3057700095766.0,3057876477705.0,3057881248506.0,3057933403178.0,3057941479361.0,,,,,,,,,,,,,,,,,,,,,,,,,,,,,,,,,,,,,,,,,,,,,,,,,,,,,,,,,,,,,,,,,,,,,,,,,,,,,,,,,
TT5\cl-maze1.3,4.0,FiringRate,2.90842080893653,4.612244741080111,2.1452092115283543,1.997746541900736,0.0,1.1533533171018078,0.46048614443240016,1.6642174932557587,1.5792324614390914,0.0,0.0,0.0,0.0,0.3891762306725355,0.0,0.0,0.0,0.0,0.0,0.0,0.0,0.0,0.1971117607914747,0.0,0.0,0.0,0.0,0.0,0.0,,,,,,,,,,,,,,,,,,,,,,,,,,,,,,,,,,,,,,,,,,,,,,,,,,,,,,,,,,,,,,,,,,,,,,,,,,,,,,,,,
TT5\cl-maze1.3,5.0,Timestamps,3054861503634.0,3055007854286.0,3055420545260.0,3055466128498.0,3055701002132.0,3055724093598.0,3055770775237.0,3055776480143.0,3055833206046.0,3056460084815.0,3056546274803.0,3056672537662.0,3056911516140.0,3056953259038.0,3056980455129.0,3057070414592.0,3057083460628.0,3057328646770.0,3057335486840.0,3057355140357.0,3057374360677.0,3057470658910.0,3057475632281.0,3057503326064.0,3057575835832.0,3057581040502.0,3057595186679.0,3057606932654.0,3057622315282.0,3057626186397.0,3057648241971.0,3057652947406.0,3057657952580.0,3057671366569.0,3057683412496.0,3057836202994.0,3057841542711.0,3057864464644.0,3057914082163.0,3058104412262.0,,,,,,,,,,,,,,,,,,,,,,,,,,,,,,,,,,,,,,,,,,,,,,,,,,,,,,,,,,,,,,,,,,,,,,
TT5\cl-maze1.3,5.0,FiringRate,0.0,0.3700900614164457,1.9735766789261662,6.664748700096306,5.408922423206261,1.9983853046738238,0.5657806259174486,0.0,0.0,4.281765449374342,0.0,0.0,6.05398611851253,1.0510566535302104,1.3322688505217664,1.4625939762335791,0.46821784115990667,0.875042795061696,0.5499334030648888,1.7543921206741075,0.0,1.0832170680346975,0.0,0.0,0.0,0.0,0.29089462022398305,0.0,0.5761995033160281,0.5875737551956209,0.0,0.0,0.4250527809290719,0.0,0.0,0.8100051840331778,0.0,0.1208305602719751,0.3858100106895094,0.0,,,,,,,,,,,,,,,,,,,,,,,,,,,,,,,,,,,,,,,,,,,,,,,,,,,,,,,,,,,,,,,,,,,,,,
TT5\cl-maze1.4,0.0,Timestamps,3054914758300.0,3055630328604.0,3056529189326.0,3056810112437.0,3056922763141.0,3057031139241.0,3057100779001.0,3057365818162.0,3057391744155.0,3057395480650.0,3057403422967.0,3057480537291.0,3057486075296.0,3057689484500.0,3057702631741.0,3057881416499.0,3057941578755.0,,,,,,,,,,,,,,,,,,,,,,,,,,,,,,,,,,,,,,,,,,,,,,,,,,,,,,,,,,,,,,,,,,,,,,,,,,,,,,,,,,,,,,,,,,,,,
TT5\cl-maze1.4,0.0,FiringRate,0.0,0.0,1.1311553408559876,4.523574324870668,8.303142185774503,1.1521892171219925,1.2230381245444182,1.1638053058465796,1.8132037497053546,0.5648779242317943,4.28148435392707,0.0,0.8154089459330867,0.8857024594776364,1.427391791212548,1.903807281396519,1.1756303583027425,,,,,,,,,,,,,,,,,,,,,,,,,,,,,,,,,,,,,,,,,,,,,,,,,,,,,,,,,,,,,,,,,,,,,,,,,,,,,,,,,,,,,,,,,,,,,
TT5\cl-maze1.4,1.0,Timestamps,3054984064522.0,3055027540551.0,3055053299564.0,3055062410167.0,3055104152535.0,3055299290386.0,3055396422654.0,3055543673682.0,3055784487781.0,3055872245228.0,3055910018615.0,3055993770170.0,3056007684797.0,3056020932591.0,3056034412497.0,3056058371395.0,3056081461079.0,3056093206800.0,3056200184150.0,3056280166650.0,3056297483809.0,3056350971607.0,3056360649783.0,3056438128516.0,3056451875646.0,3056477135988.0,3056497189869.0,3056507732548.0,3056604098762.0,3056650347231.0,3056696261951.0,3056706504754.0,3056738137374.0,3056758993551.0,3056797632401.0,3056820924296.0,3056867773518.0,3056937777406.0,3056990764533.0,3057055397961.0,3057159472347.0,3057229077909.0,3057269919453.0,3057447234593.0,3057464253835.0,3057532157452.0,3057544669379.0,3057613974837.0,3057722785374.0,3057771435505.0,3057850182642.0,3057981920173.0,3057984623505.0,3058002606433.0,3058015388256.0,3058039745309.0,3058087528186.0,,,,,,,,,,,,,,,,,,,,,,,,,,,,,,,,,,,,,,,,,,,,,,,,,,,,,
TT5\cl-maze1.4,1.0,FiringRate,0.0,0.0,0.9365900442351477,0.0,2.4932743923266987,1.0523142231316556,0.0,0.0,1.666313963544383,0.0,1.6062485209128203,0.0,0.0,0.42820427399249955,1.8779272190526983,0.0,0.0,0.0,0.713514608854859,0.0,1.3040189865164438,0.2774359150779761,3.2123628856441644,0.0,3.9981568496922915,0.0,1.6200024948038418,0.0,1.8330058362905826,0.0,0.0,0.6964860190878959,0.0,0.3611935133979316,0.9084178540445033,4.501010476852053,0.0,1.8790846602802842,3.5313727152018535,0.0,0.8577454846133326,1.5982981321488878,2.0688898957486384,1.496356372233611,0.0,1.669315313630961,2.003060676714019,0.0,0.0,0.2539759941890292,0.0,0.0,0.7080247525453489,0.7915248941929098,0.0,0.0,0.0,,,,,,,,,,,,,,,,,,,,,,,,,,,,,,,,,,,,,,,,,,,,,,,,,,,,,
TT5\cl-maze1.4,2.0,Timestamps,3054861503634.0,3054907049968.0,3054938683621.0,3054971784213.0,3055005518215.0,3055041256103.0,3055088805589.0,3055163982435.0,3055234588650.0,3055239192565.0,3055290781241.0,3055320476755.0,3055343234569.0,3055363521521.0,3055385176225.0,3055418577469.0,3055463758458.0,3055500196164.0,3055528523849.0,3055549780263.0,3055560925429.0,3055602800447.0,3055633266204.0,3055696431005.0,3055723258260.0,3055739409611.0,3055768605278.0,3055799971835.0,3055817891062.0,3055826199097.0,3055851357269.0,3055896671583.0,3055922831257.0,3055946322399.0,3055982158093.0,3056012756847.0,3056041786775.0,3056099445533.0,3056130943747.0,3056144260654.0,3056235285359.0,3056288506326.0,3056319139881.0,3056430687692.0,3056458750111.0,3056538197955.0,3056579807814.0,3056670635703.0,3056771037854.0,3056804938525.0,3056909613502.0,3056951291078.0,3056975416636.0,3057036311446.0,3057069613331.0,3057079523186.0,3057195074591.0,3057323641864.0,3057354438939.0,3057373258577.0,3057381969485.0,3057470125719.0,3057502659843.0,3057507897289.0,3057537194935.0,3057574733838.0,3057594253635.0,3057603764022.0,3057621783209.0,3057626186397.0,3057647775439.0,3057668963827.0,3057682377536.0,3057835669429.0,3057841542711.0,3057862898177.0,3057913449771.0,3057926229071.0,3058102343798.0,,,,,,,,,,,,,,,,,,,,,,,,,,,,,,,
TT5\cl-maze1.4,2.0,FiringRate,0.0,3.5784368761498526,0.6034487093740728,8.668898513993177,3.2636683543293525,4.99537570934335,8.756414073308699,0.8458932366727104,3.843296503022945,1.7601125063914087,2.617177583350563,2.2207187134044064,1.1310451535846213,2.690403714294499,5.6191350278147185,5.332821382480615,8.602992654824202,1.8538418709960878,9.649119421361606,10.760245963850954,4.049384675751597,4.991369921405889,11.381932114017989,8.609576311851496,5.541801397437061,3.5766589438346243,5.4136157075286375,8.5128059842983,12.588775073450659,4.284032685192142,3.6342656739064267,5.001096073556121,6.463396755903652,3.597087797718967,13.480298543678414,4.034135703714632,11.02794639157717,18.093854213641094,25.77398872429564,3.7801323802359557,4.280775426002555,12.442777363646956,10.455730437328352,21.650302646249877,4.096405231928762,3.6211174152753576,2.839103285000229,1.998041918919459,14.952168014521547,8.900245242212083,5.894812957584856,2.0547424483078167,3.655559087908763,7.327115055023303,10.959293827837545,6.420592466590447,8.90652921463035,8.168964573854256,8.544922589439295,11.299387843381641,15.030180602650121,10.031676271787704,14.721493011759845,4.716103078477897,7.081643725772608,5.50395260240639,7.779047592899561,4.78776164857205,10.583956574026177,7.728221477579167,6.860415223622456,8.814065031682786,7.438369917361835,7.659811135700215,5.724524435132551,2.912742959172082,8.087304834305396,3.143943569985651,8.538370926642074,,,,,,,,,,,,,,,,,,,,,,,,,,,,,,,
TT5\cl-maze1.4,3.0,Timestamps,3054861937109.0,3054936281364.0,3054942887539.0,3054971616903.0,3055040555608.0,3055088172687.0,3055163880474.0,3055233788231.0,3055290713601.0,3055320376256.0,3055343133262.0,3055363420838.0,3055385078421.0,3055461253674.0,3055495288990.0,3055528290334.0,3055560689534.0,3055602701459.0,3055632764562.0,3055739142948.0,3055759062335.0,3055768071093.0,3055774411476.0,3055799872103.0,3055817755153.0,3055824161806.0,3055851222993.0,3055896403247.0,3055946155688.0,3055981825391.0,3056012489963.0,3056041652917.0,3056099312479.0,3056147327678.0,3056210927635.0,3056246998731.0,3056288341085.0,3056430586953.0,3056468058017.0,3056577805578.0,3056663494521.0,3056667031463.0,3056770939825.0,3056804805489.0,3056879983615.0,3056949687690.0,3056977418558.0,3057036209373.0,3057194908399.0,3057399118625.0,3057536827491.0,3057551476165.0,3057664424678.0,,,,,,,,,,,,,,,,,,,,,,,,,,,,,,,,,,,,,,,,,,,,,,,,,,,,,,,,,
TT5\cl-maze1.4,3.0,FiringRate,0.0,0.0,0.0,7.014581401666409,4.0354473696954045,5.130611876772424,1.852600897276368,2.2605671340966915,3.104606615295776,2.0199041353497362,0.9985899909328029,2.4680580402631938,4.739707133496221,4.85489798101534,0.0,7.1335580404116055,3.9230119601935547,4.054722535336906,8.11104899572735,5.785347817740506,6.423724957509736,0.0,0.0,7.8911276894935956,10.69395955259325,0.0,2.9224448881689935,4.366809502926075,2.729016817111299,7.9203877821858155,3.3847345570277,10.416754829305196,14.981765462766568,1.4946007547733813,0.0,1.0489690207979088,9.072122983276923,17.697946425593408,0.0,11.18714224451364,11.154427471123977,10.643321567794876,14.204298852134826,7.010535560304309,4.0855301190954725,1.3774303898334619,0.5764818465866509,6.452218389995543,7.8150643179793375,5.707123274576122,6.426575517832033,2.4169764559100795,0.0,,,,,,,,,,,,,,,,,,,,,,,,,,,,,,,,,,,,,,,,,,,,,,,,,,,,,,,,,
TT5\cl-maze1.4,4.0,Timestamps,3054906081797.0,3054969848904.0,3055003649436.0,3055034149477.0,3055039421358.0,3055089905333.0,3055114231192.0,3055172357789.0,3055237357237.0,3055291714171.0,3055323379799.0,3055345168862.0,3055366291116.0,3055386379022.0,3055415608747.0,3055464792264.0,3055467261645.0,3055503598549.0,3055529726517.0,3055548311208.0,3055563526378.0,3055603971114.0,3055634401460.0,3055705774245.0,3055728362327.0,3055743178752.0,3055774544906.0,3055779084025.0,3055803106187.0,3055817054400.0,3055829401209.0,3055852624355.0,3055898105235.0,3055926402242.0,3055947289233.0,3055982992468.0,3056014659363.0,3056040919951.0,3056098811447.0,3056130011677.0,3056165147026.0,3056233884947.0,3056287506363.0,3056316470489.0,3056429518705.0,3056457616002.0,3056490014243.0,3056522784105.0,3056549409654.0,3056586313474.0,3056617012460.0,3056678809938.0,3056722188200.0,3056770470927.0,3056804138715.0,3056908980025.0,3056957296325.0,3056977985107.0,3056983691475.0,3057037946801.0,3057068378617.0,3057153031433.0,3057194175043.0,3057342928254.0,3057353272572.0,3057382501376.0,3057469258134.0,3057501793397.0,3057526417860.0,3057539198210.0,3057582708265.0,3057593753062.0,3057621281774.0,3057647307456.0,3057664526372.0,3057673168664.0,3057681876894.0,3057782814862.0,3057788219736.0,3057833967175.0,3057862029967.0,3057913014958.0,3058101343553.0,,,,,,,,,,,,,,,,,,,,,,,,,,,
TT5\cl-maze1.4,4.0,FiringRate,0.0,1.1528666605949023,2.935042232322681,0.3529182990608491,0.6976458637972027,2.5888090960396397,0.0,2.494630308261467,0.7190894027075634,0.0,0.0,1.0707280093881433,0.0,0.0,0.36102503672527186,0.0,0.0,0.0,0.0,0.0,0.0,0.0,0.0,0.0,0.0,0.0,0.0,0.0,0.0,0.0,0.0,0.0,0.0,0.0,0.0,0.0,1.3019748354303808,0.0,0.0,2.5020986352302996,0.7725360349433499,0.0,0.0,0.0,2.9002712720396446,2.22263217437883,1.993020442410678,1.7145688630865326,0.7489699790363303,1.1083771142293453,1.999246284150875,0.0,2.397250832745008,2.3060922344650097,0.0,2.139774339398167,1.153731224466486,1.247434961859676,1.0712820353501646,0.0,0.9089413469238243,0.0,1.4265762597738305,0.0,1.154658411628796,0.998704680030001,2.7247956403269757,0.0,0.6248902536492028,1.2506112362417132,0.8563337440880858,0.0,0.0,7.457149355515867,0.23058577318061482,1.2151815055855817,7.448040606717387,0.3744998554430558,0.0,1.4983057907271353,1.4293208010485499,0.0,0.0,,,,,,,,,,,,,,,,,,,,,,,,,,,
TT5\cl-maze1.4,5.0,Timestamps,3054904982537.0,3054968813922.0,3055002516980.0,3055032746825.0,3055092709706.0,3055113296583.0,3055172857975.0,3055241594264.0,3055254475066.0,3055293983474.0,3055324915721.0,3055346202535.0,3055367158691.0,3055387413460.0,3055414907996.0,3055467929090.0,3055504199326.0,3055530560320.0,3055547177210.0,3055564529623.0,3055604770265.0,3055635268127.0,3055661128556.0,3055706408181.0,3055728897964.0,3055743980128.0,3055779614772.0,3055803474974.0,3055814251248.0,3055834738779.0,3055853492788.0,3055900808195.0,3055927136704.0,3055948056707.0,3055983893221.0,3056015526394.0,3056039818708.0,3056098011322.0,3056128209944.0,3056164748648.0,3056167718166.0,3056171686978.0,3056232782388.0,3056286506263.0,3056303356922.0,3056425148882.0,3056456916417.0,3056485611309.0,3056520647433.0,3056550811241.0,3056587282523.0,3056609906253.0,3056683381708.0,3056721321648.0,3056767467266.0,3056801770322.0,3056958230548.0,3056984724798.0,3057038681002.0,3057062606788.0,3057065575817.0,3057147827379.0,3057193340006.0,3057291641991.0,3057299249200.0,3057343929936.0,3057352570631.0,3057383602697.0,3057468223956.0,3057500990081.0,3057523815749.0,3057540098602.0,3057583942800.0,3057591684435.0,3057618111087.0,3057646907323.0,3057675703832.0,3057681109279.0,3057777042619.0,3057827225781.0,3057853288141.0,3057911848055.0,3058094169787.0,3058120227389.0,,,,,,,,,,,,,,,,,,,,,,,,,,
TT5\cl-maze1.4,5.0,FiringRate,0.0,0.0,0.0,0.0,0.0,0.0,0.0,0.0,0.0,0.0,0.0,0.0,0.0,0.0,0.0,0.0,0.0,0.0,0.0,0.0,0.0,0.0,0.0,0.0,0.0,0.0,0.0,0.0,3.2240740689564964,0.0,1.303225352424716,0.0,1.6678842221488352,0.0,1.3610923582830636,1.2995113837197214,0.0,0.0,0.0,0.0,0.6975023139639266,0.0,0.0,0.0,0.0,0.24773232027329828,0.0,0.31548522969138765,0.5600855586699425,0.0,0.0,0.43116411076174843,0.0,1.0525872594838113,0.34052661760359165,0.0,0.0,0.0,0.0,1.5802306820749692,0.7223695454778583,0.46589573346664165,0.0,0.49141570476137586,0.42194395487225017,0.0,0.0,0.0,0.0,0.0,0.2220493691244349,0.0,0.0,0.6969787365727047,0.32221519077072586,0.0,0.0,0.0,0.3484307203003752,0.6242222580803231,0.3512161679319034,0.0,0.8729517641773187,0.0,,,,,,,,,,,,,,,,,,,,,,,,,,
TT5\cl-maze1.4,6.0,Timestamps,3054869246925.0,3054911588962.0,3054944722029.0,3055014161980.0,3055047261847.0,3055076490473.0,3055079593488.0,3055083565937.0,3055119869597.0,3055132216894.0,3055202121147.0,3055231118762.0,3055282003994.0,3055308062470.0,3055339597221.0,3055360251064.0,3055381606419.0,3055453414528.0,3055482143992.0,3055525186304.0,3055556253816.0,3055598665372.0,3055626424613.0,3055658558564.0,3055685153401.0,3055716752096.0,3055736707068.0,3055755792302.0,3055791828924.0,3055811350450.0,3055822226712.0,3055847453678.0,3055890730548.0,3055943019693.0,3055969679583.0,3055977221255.0,3056044922952.0,3056102147885.0,3056148362911.0,3056211394991.0,3056323910566.0,3056433792015.0,3056444968485.0,3056525887070.0,3056536297210.0,3056562689813.0,3056573902268.0,3056597526680.0,3056661058433.0,3056724723678.0,3056807977034.0,3056814783637.0,3056885088869.0,3056920958708.0,3056924964163.0,3056966239443.0,3057020829956.0,3057028938426.0,3057034644916.0,3057088298634.0,3057100144247.0,3057198012516.0,3057258907874.0,3057317968640.0,3057364482966.0,3057369287439.0,3057389041771.0,3057402256842.0,3057412865088.0,3057479300989.0,3057485908196.0,3057491014181.0,3057633693517.0,3057688617221.0,3057698493409.0,3057702497344.0,3057708571456.0,3057875742202.0,3057932202099.0,3057941479361.0,3058074781800.0,,,,,,,,,,,,,,,,,,,,,,,,,,,,,
TT5\cl-maze1.4,6.0,FiringRate,0.0,0.0,0.5445650232420352,0.0,0.0,0.0,0.0,0.0,0.11938850164565111,0.0,0.0,0.0,0.0,0.0,0.0,0.4832542729342813,1.5773418005041184,4.441522909375167,2.4390821803443425,6.765344041906474,0.8812529301659927,0.0,0.5688913161585045,0.0,0.2750523149503035,0.6969276120454878,2.432352230548074,0.5256924289250694,0.4221568160595207,0.0,0.0,0.0,0.9513589210828747,0.7995075033779192,1.109811891323668,0.2457382234256842,2.921736183292198,2.088226163246384,0.5871459656613554,0.0,0.0,0.0,0.0,1.5291501900733686,0.0,0.9986159183371845,0.30583331167014044,1.9358647992024236,0.7891445278745576,3.823799327011318,1.9128993177325766,0.83247449714378,0.5553799937686364,0.0,0.47213851599782347,1.018433204530631,1.3625101251533676,2.766385647991258,0.0,0.0,2.1624226547754017,1.8178446906210122,0.5654746084936548,0.4998173167707203,0.0,1.3624380374534215,1.1751878361477908,2.6770213853853373,0.0,0.0,0.0,3.152436044953738,2.3019436461175995,0.0,0.0,1.1823186608901206,0.0,0.46818079456835365,0.6381242210896226,0.7397979094050877,0.9826894342706062,,,,,,,,,,,,,,,,,,,,,,,,,,,,,
TT5\cl-maze1.6,0.0,Timestamps,3054905049406.0,3054969181636.0,3055003048562.0,3055033515453.0,3055039421358.0,3055058906552.0,3055090005495.0,3055113361884.0,3055172423296.0,3055237457519.0,3055291845647.0,3055323546063.0,3055345236306.0,3055366457487.0,3055386478854.0,3055415173510.0,3055467328135.0,3055503764854.0,3055529826295.0,3055547577195.0,3055563629591.0,3055604036926.0,3055634533274.0,3055661795942.0,3055705807349.0,3055728498577.0,3055743345411.0,3055774712242.0,3055779182880.0,3055803106187.0,3055815720386.0,3055829601094.0,3055852726138.0,3055898238226.0,3055926535224.0,3055947421930.0,3055983058262.0,3056014791550.0,3056040386989.0,3056098277599.0,3056128209944.0,3056164779481.0,3056233216207.0,3056287005865.0,3056303422204.0,3056316470489.0,3056425215046.0,3056457147862.0,3056482041382.0,3056485611309.0,3056502260891.0,3056520947289.0,3056549544262.0,3056586382625.0,3056610306446.0,3056678908352.0,3056683147524.0,3056721753530.0,3056769738123.0,3056801835502.0,3056908312678.0,3056957463163.0,3056983891795.0,3057038047244.0,3057067645826.0,3057147827379.0,3057193473371.0,3057291775281.0,3057300350632.0,3057343197074.0,3057352637300.0,3057382935276.0,3057468690499.0,3057501223819.0,3057526017275.0,3057539296563.0,3057582875627.0,3057592652190.0,3057620913894.0,3057646939710.0,3057664526372.0,3057667328601.0,3057673501170.0,3057681243520.0,3057782148304.0,3057788319640.0,3057827294022.0,3057861328362.0,3057912248982.0,3058095069581.0,,,,,,,,,,,,,,,,,,,,
TT5\cl-maze1.6,0.0,FiringRate,3.21295291256859,12.905514151520729,12.70485443413032,7.209720086943456,0.0,0.0,2.231675315471217,6.549986455563722,3.6597862684819207,1.3030300661157457,1.9711595700979825,3.0985173594435063,0.4407513399942614,3.5264878913630135,1.536950597796935,4.232059330650443,2.0682480491250277,3.7439675323135595,3.998100902071516,3.1546255485762384,3.662729964500821,1.9357598728592917,2.886487091088512,1.6683183017854342,9.998500224966254,4.6213069980451875,3.2104721320317364,1.0684114537981493,4.616267032582767,5.693066840874511,0.5254040751390876,0.6513640621928921,0.5305681536016028,0.6657002917431529,2.1435055532870124,3.092853652350878,1.871299505228411,2.8970616069807598,8.57065476374133,5.989081903689574,1.9718164333547736,0.28270177521166234,2.443810682874019,8.089548061218464,1.7610873657831292,0.4162621985637289,1.1240070100570527,0.7887331053368837,0.0,0.3589346460769789,0.0,1.2751320558635353,1.7984500957075193,0.7890853711463043,0.643069695765013,0.0,0.0,2.191366163407253,2.5719326702319365,3.0635315165910657,9.694311906553883,10.880159575673778,7.7044504329901145,6.656762882777734,3.9617431443449798,1.56104822515061,8.985035423502158,4.5228250017243266,0.0,4.551586774181215,9.490803776171804,7.992223566469826,9.687004091438274,9.415575244569567,6.264654817519554,7.681559418014332,2.532972975711322,3.6574411371423388,9.972906936156773,9.9792763694062,2.313898896501616,1.9147612133203555,1.5563463524299626,5.995282911405306,1.2896685938614354,2.3075716039468706,2.633112619982165,2.854618558731636,10.3357997996922,2.698831817749876,,,,,,,,,,,,,,,,,,,,
TT5\cl-maze1.6,1.0,Timestamps,3054896839267.0,3054961707131.0,3054987033405.0,3054995776570.0,3055066614548.0,3055095479223.0,3055178597116.0,3055264451541.0,3055296552222.0,3055327618044.0,3055369361268.0,3055389914845.0,3055470264444.0,3055506536435.0,3055535998795.0,3055566696417.0,3055609608951.0,3055646145205.0,3055664063842.0,3055708709800.0,3055731101929.0,3055745948757.0,3055751120403.0,3055782018569.0,3055805909011.0,3055837676991.0,3055863870174.0,3055885693350.0,3055997108114.0,3056000244244.0,3056035279926.0,3056095042507.0,3056190039448.0,3056299685184.0,3056499123951.0,3056553346902.0,3056589317747.0,3056592521002.0,3056606168285.0,3056646409926.0,3056765132952.0,3056960398867.0,3057042150894.0,3057174822803.0,3057222135737.0,3057231881154.0,3057281663791.0,3057303487522.0,3057385538241.0,3057529253432.0,3057971809155.0,3057991695554.0,,,,,,,,,,,,,,,,,,,,,,,,,,,,,,,,,,,,,,,,,,,,,,,,,,,,,,,,,,
TT5\cl-maze1.6,1.0,FiringRate,0.0,0.0,0.2583247741724824,0.0,1.7057257558497256,0.0,0.0,0.0,0.0,0.0,0.0,0.0,0.0,0.0,0.0,0.0,0.0,0.0,0.0,0.0,0.0,0.41626375803753285,0.0,0.0,0.0,0.0,0.0,0.0,0.0,6.137868809192073,0.0,0.0,8.29105427132794,0.0,0.0,0.0,0.0,0.0,0.0,0.0,5.457547105453454,0.0,0.0,0.0,0.0,5.493020316622268,8.901229698614392,0.0,0.0,0.0,2.6606412012262894,4.024044110677309,,,,,,,,,,,,,,,,,,,,,,,,,,,,,,,,,,,,,,,,,,,,,,,,,,,,,,,,,,
TT5\cl-maze1.6,2.0,Timestamps,3054882091515.0,3054887230070.0,3054958503600.0,3054986767620.0,3055024404784.0,3055065448329.0,3055096445605.0,3055179198353.0,3055266055134.0,3055298253338.0,3055333624224.0,3055391115703.0,3055410069410.0,3055478038888.0,3055513741622.0,3055537066190.0,3055540604182.0,3055665332808.0,3055709779149.0,3055751887631.0,3055783255743.0,3055807213089.0,3055838844611.0,3055867306236.0,3055930672975.0,3055998275005.0,3056002513125.0,3056019193735.0,3056035046137.0,3056051063580.0,3056077756044.0,3056109757062.0,3056158873898.0,3056177091335.0,3056218768423.0,3056299152283.0,3056344965966.0,3056359047525.0,3056421012042.0,3056449908816.0,3056516075855.0,3056605968310.0,3056639569884.0,3056730194983.0,3056819455215.0,3056891496016.0,3056932205761.0,3056935208393.0,3056962069223.0,3056988362714.0,3057118029211.0,3057183462531.0,3057204851786.0,3057211592167.0,3057231679884.0,3057236284532.0,3057304655655.0,3057386305986.0,3057496618698.0,3057530988915.0,3057637466123.0,3057720349386.0,3057798096976.0,3057889391076.0,3057895030270.0,3057960198513.0,3057964634696.0,3057973877214.0,3057991062247.0,,,,,,,,,,,,,,,,,,,,,,,,,,,,,,,,,,,,,,,,,
TT5\cl-maze1.6,2.0,FiringRate,0.0,0.0,0.0,0.0,0.0,0.0,0.0,0.0,0.0,0.0,0.0,0.0,0.0,0.0,0.0,0.0,0.0,0.0,0.0,0.0,0.0,0.0,0.0,0.0,0.0,0.0,4.084322193117645,0.0,0.0,0.0,0.0,0.4163968761906348,0.0,0.0,4.975421418194121,0.0,0.0,0.0,0.0,0.0,0.0,0.0,0.0,0.0,0.0,0.0,1.1552346570397112,0.0,0.0,0.0,0.8127052652228077,0.0,0.0,0.0,0.0,0.0,0.0,0.0,0.0,0.0,0.0,0.0,0.0,0.5934246178642174,0.0,1.1539835222692854,0.0,0.0,2.963381494867917,,,,,,,,,,,,,,,,,,,,,,,,,,,,,,,,,,,,,,,,,
TT5\cl-maze1.6,3.0,Timestamps,3054891368622.0,3054960805674.0,3054987466741.0,3055028876677.0,3055066213899.0,3055095277886.0,3055178462952.0,3055264252098.0,3055296450531.0,3055327517034.0,3055369193362.0,3055389814622.0,3055412371406.0,3055470163892.0,3055506367619.0,3055513210723.0,3055535831963.0,3055566596653.0,3055573903258.0,3055609408780.0,3055618616618.0,3055645978828.0,3055663864004.0,3055708542575.0,3055731001020.0,3055745782700.0,3055751053389.0,3055781884163.0,3055805742918.0,3055837510189.0,3055863702703.0,3055885558650.0,3055903142806.0,3055905746691.0,3055929204416.0,3055956798727.0,3055962172491.0,3055985896062.0,3055997008794.0,3056017896049.0,3056035679129.0,3056051864716.0,3056079092318.0,3056095108525.0,3056112593456.0,3056118933218.0,3056159874995.0,3056177593003.0,3056186668950.0,3056196179034.0,3056219570064.0,3056282133540.0,3056299352671.0,3056345466300.0,3056421446167.0,3056450908147.0,3056478602787.0,3056498791192.0,3056516676988.0,3056553215780.0,3056589184688.0,3056606768702.0,3056640236652.0,3056644942922.0,3056685650335.0,3056709674551.0,3056718216727.0,3056730529735.0,3056736802595.0,3056761962145.0,3056798967434.0,3056819721805.0,3056893832221.0,3056902206758.0,3056936410012.0,3056960266790.0,3056986961599.0,3057042017839.0,3057047757144.0,3057128038859.0,3057132544365.0,3057160873376.0,3057174755144.0,3057183763107.0,3057191605368.0,3057212960556.0,3057222304756.0,3057232081966.0,3057271121118.0,3057281596763.0,3057289674648.0,3057303320048.0,3057385438628.0,3057498422584.0,3057529087089.0,3057542366575.0,3057615040704.0,3057637765069.0,3057645372379.0,3057720717975.0,3057798497333.0,3057806037383.0,3057896332046.0,3057909745311.0,3057965836978.0,3057971475448.0,3057994132785.0,3058011683113.0,,
TT5\cl-maze1.6,3.0,FiringRate,0.0,0.0,0.07763753936514387,0.0,0.0,0.0,0.0,0.0,0.0,0.16471333127112242,0.0,0.0,0.0,0.0,0.0,0.0,0.0,0.0,0.0,0.0,0.0,0.0,0.0,0.0,0.0,0.3188170611762118,0.0,0.0,0.0,0.0,0.0,0.0,0.0,0.0,0.0,0.0,0.0,0.0,0.0,0.0,0.0,0.0,0.0,0.0,0.0,0.0,0.0,0.0,2.5391030330770645,0.16555381392943302,0.0,0.0,0.0,0.0,0.0,0.0,0.0,0.0,0.0,0.0,0.0,0.0,0.0,0.0,0.0,0.0,0.0,0.0,0.0,0.5399350836048982,0.0,0.0,0.0,0.0,0.0,0.0,0.0,0.6887246816197978,0.0,0.0,0.0,0.7992300217970008,0.0,0.0,0.0,0.32574329734304225,0.0,2.205833370464862,0.0,1.6611212900932388,7.53077261961691,0.768016122194437,0.0,2.2234920832564375,0.0,0.0,0.0,1.3144079617370585,4.594595836377253,0.0,0.0,0.5348557467308279,0.0,0.0,0.0,2.955777764359485,0.0,0.0,,
TT5\cl-maze1.6,4.0,Timestamps,3054904214048.0,3054968382061.0,3055001816192.0,3055032178694.0,3055054669953.0,3055093175187.0,3055104821172.0,3055112828666.0,3055176562140.0,3055243932400.0,3055253742852.0,3055294417258.0,3055325516225.0,3055367624696.0,3055387812701.0,3055414473200.0,3055468329489.0,3055504600125.0,3055530860721.0,3055544542175.0,3055565063447.0,3055605103087.0,3055635835751.0,3055640906831.0,3055662228063.0,3055706841490.0,3055729397449.0,3055744314219.0,3055780049381.0,3055803840826.0,3055835773903.0,3055856528991.0,3055872746156.0,3055901274239.0,3055927503832.0,3055948423716.0,3055951793210.0,3055984293274.0,3055994436763.0,3056015827082.0,3056039318545.0,3056054499752.0,3056097611105.0,3056122936776.0,3056164447126.0,3056286171183.0,3056303056798.0,3056347869375.0,3056424848297.0,3056481139428.0,3056501092511.0,3056506064012.0,3056519879881.0,3056551244487.0,3056587682120.0,3056609538709.0,3056648111818.0,3056683881649.0,3056720853468.0,3056767134733.0,3056801502116.0,3056907946156.0,3056958599178.0,3056985093844.0,3057038980390.0,3057056264912.0,3057060804004.0,3057066711232.0,3057140584397.0,3057177088461.0,3057193073690.0,3057227375651.0,3057291373199.0,3057300751008.0,3057344328206.0,3057352037012.0,3057383970524.0,3057466721435.0,3057500656846.0,3057528284767.0,3057540631983.0,3057591583320.0,3057617810887.0,3057646673472.0,3057676104347.0,3057680843028.0,3057775506513.0,3057781813961.0,3057826859236.0,3057852952997.0,3057855289289.0,3057860927374.0,3057911481351.0,3058001439814.0,3058014086858.0,3058088196989.0,3058094336050.0,,,,,,,,,,,,,
TT5\cl-maze1.6,4.0,FiringRate,0.0,6.5155153968144335,4.998446316270027,0.7305984112406949,0.2827039730368259,1.4241849389594334,0.0,5.75509757767943,0.0,0.5681609156708581,0.20816476324276573,0.0,0.0,0.0,0.0,0.0,0.0,0.0,1.5002265342066652,0.0,0.0,0.0,5.397799856778377,0.0,0.0,1.6619964566235543,0.0,0.0,0.0,1.4950208331153094,0.0,0.0,0.0,0.0,0.0,0.0,0.0,0.0,0.0,0.0,0.0,0.3892998597741905,0.0,0.0,0.0,0.0,0.0,0.6966509896972286,0.0,0.0,0.0,2.063898291092215,0.0,0.0,0.0,0.0,0.0,0.0,0.0,0.3891812288552973,0.0,0.0,0.0,0.0,0.0,0.0,0.3567912902964543,0.0,0.8938112065155261,1.2481646778549376,2.7267645575142816,1.996692146677005,0.0,0.0,0.0,1.7623163886612563,0.0,1.871726817727499,0.0,0.0,0.0,0.0,0.665647560251921,0.0,0.0,1.6601423073985904,1.175409953606569,0.0,0.8558602893663638,0.0,0.48365628675787775,0.0,0.0,0.0,1.498576352465158,0.0,1.070460951190192,,,,,,,,,,,,,
TT5\cl-maze1.6,5.0,Timestamps,3054861503634.0,3055009056382.0,3055420545260.0,3055466128498.0,3055701236339.0,3055770806968.0,3055778081800.0,3055833106028.0,3056459950471.0,3056546274803.0,3056672603881.0,3056682413709.0,3056793294340.0,3056953425791.0,3056980855791.0,3057083526791.0,3057335753851.0,3057339592583.0,3057358877600.0,3057476097913.0,3057503393478.0,3057575835832.0,3057581040502.0,3057607134423.0,3057622450131.0,3057626186397.0,3057648309420.0,3057657952580.0,3057671432484.0,3057683878723.0,3057867401540.0,3057914851762.0,3058106381772.0,,,,,,,,,,,,,,,,,,,,,,,,,,,,,,,,,,,,,,,,,,,,,,,,,,,,,,,,,,,,,,,,,,,,,,,,,,,,,
TT5\cl-maze1.6,5.0,FiringRate,0.0,0.0,0.0,0.0,0.0,0.0,0.0,0.0,0.0,0.0,0.0,0.0,0.0,0.0,0.0,0.0,0.0,0.0,0.36990880638196266,0.0,1.0343165546501838,0.0,0.0,0.0,0.0,0.0,0.0,0.0,0.0,0.0,0.0,0.0,0.85627141748883,,,,,,,,,,,,,,,,,,,,,,,,,,,,,,,,,,,,,,,,,,,,,,,,,,,,,,,,,,,,,,,,,,,,,,,,,,,,,
TT9\cl-maze1.1,0.0,Timestamps,3054861503634.0,3055005285926.0,3055089905333.0,3055169687551.0,3055237357237.0,3055345168862.0,3055366358453.0,3055386379022.0,3055418044655.0,3055464792264.0,3055503598549.0,3055529726517.0,3055563526378.0,3055603971114.0,3055634401460.0,3055700501517.0,3055723925278.0,3055728029694.0,3055743211101.0,3055770541682.0,3055832137491.0,3055852624355.0,3055926402242.0,3055947289233.0,3055982992468.0,3056014692872.0,3056457616002.0,3056540633012.0,3056545772986.0,3056672304175.0,3056909783369.0,3056914854308.0,3056952927339.0,3056980255333.0,3057037946801.0,3057069778831.0,3057083428299.0,3057328479398.0,3057335419696.0,3057339522971.0,3057354541113.0,3057358778535.0,3057374159627.0,3057382168244.0,3057469858827.0,3057475831464.0,3057502425655.0,3057526417860.0,3057539230953.0,3057575634891.0,3057581040502.0,3057594520929.0,3057606932654.0,3057621915237.0,3057626186397.0,3057648141908.0,3057657652086.0,3057665326469.0,3057671133825.0,3057682510939.0,3057835669429.0,3057841542711.0,3057862998271.0,3057913647981.0,3058106316199.0,,,,,,,,,,,,,,,,,,,,,,,,,,,,,,,,,,,,,,,,,,,,,
TT9\cl-maze1.1,0.0,FiringRate,0.0,0.0,0.0,0.0,0.0,0.0,0.0,0.0,0.0,0.0,0.0,0.0,0.0,0.0,0.0,0.0,0.0,0.0,0.0,0.0,0.9361385035638794,0.0,0.0,0.0,0.0,0.0,1.9984289683736625,3.4547823688636585,3.0169947313215344,3.4935573745548587,0.0,0.5123663460363468,3.4379101020887406,1.8308299403858888,0.0,0.0,2.3061805176637287,0.7482683200403466,0.7131792675934193,1.9235234553076195,0.0,0.0,1.4277474143494326,0.0,1.6966377729253939,4.997529346429359,3.276894290667077,0.0,0.0,5.06473576429395,1.8167342113306988,0.0,4.2809807441486125,3.7460987893076974,1.7630196059533645,0.18965460671987994,1.1031490308376117,4.994675675729672,0.0,2.0660970264989857,0.6660705335391491,0.6664840500369565,0.81557487018087,0.40675528327658195,1.8241917006574386,,,,,,,,,,,,,,,,,,,,,,,,,,,,,,,,,,,,,,,,,,,,,
