ID,Allocentric Before Turn,Egocentric Turn Type,Allocentric After Turn,Timestamp Entry,Timestamp Exit,Alley Exited,Intersection,Alley Entered
0,3,1,3,1892378569,1893612330,2,E,16
1,1,2,2,1896849462,1897015880,16,E,1
2,2,2,3,1898951419,1900219624,1,F,14
3,3,2,4,1902489170,1903623590,14,J,15
4,4,2,1,1905024190,1905458795,15,I,16
5,3,3,1,1911364175,1913232796,16,I,16
6,1,1,1,1915269096,1915735459,16,E,2
7,1,2,2,1918437705,1921907213,2,A,0
8,2,1,2,1926412989,1927746539,0,B,4
9,2,1,2,1931416563,1932152638,4,C,6
10,2,2,3,1944363940,1947366274,6,D,7
11,3,1,3,1957042735,1960479855,7,H,9
12,3,2,4,1963882934,1970589807,9,L,10
13,4,1,4,1973727146,1974659233,10,K,13
14,4,1,4,1983703841,1984603357,13,J,15
15,4,2,1,1989741711,1991978336,15,I,16
16,1,1,1,1993746284,1994114415,16,E,2
17,1,2,2,1995114981,1995481742,2,A,0
18,2,1,2,1996414649,1996682287,0,B,4
19,2,1,2,1997750379,1998150706,4,C,6
20,4,4,3,1999318784,1999385097,6,C,5
21,1,2,2,2006058485,2006593090,5,C,6
22,2,2,3,2008027957,2008294077,6,D,7
23,3,1,3,2009529006,2010095708,7,H,9
24,3,2,4,2011866178,2012098475,9,L,10
25,4,1,4,2015067624,2015635171,10,K,13
26,4,1,4,2016969835,2018003678,13,J,15
27,4,2,1,2021207358,2021474047,15,I,16
28,1,1,1,2025278026,2025644149,16,E,2
29,1,2,2,2027280076,2028012698,2,A,0
30,2,1,2,2028981329,2029347616,0,B,4
31,2,1,2,2039559191,2040024782,4,C,6
32,2,2,3,2041527415,2041794286,6,D,7
33,3,1,3,2045898861,2046331656,7,H,9
34,3,2,4,2047665935,2047801677,9,L,10
35,4,1,4,2049635091,2050769882,10,K,13
36,4,1,4,2051904679,2052371861,13,J,15
37,4,2,1,2053473129,2053572229,15,I,16
38,1,3,3,2054140190,2054874845,16,E,16
39,1,1,1,2056009297,2056441948,16,E,2
40,1,2,2,2058077252,2058209942,2,A,0
41,4,3,2,2063683292,2066285605,0,A,0
42,2,1,2,2067119537,2067487746,0,B,4
43,2,1,2,2068587948,2069356051,4,C,6
44,2,2,3,2073091973,2073793358,6,D,7
45,3,1,3,2075159932,2075428144,7,H,9
46,3,2,4,2077096192,2077230925,9,L,10
47,4,1,4,2078296609,2078564623,10,K,13
48,4,1,4,2079798106,2080334379,13,J,15
49,4,2,1,2081000491,2085038752,15,I,16
50,1,1,1,2086973617,2087207022,16,E,2
51,1,2,2,2088606402,2088840457,2,A,0
52,2,1,2,2089709036,2089976024,0,B,4
53,2,1,2,2092379057,2098651735,4,C,6
54,2,2,3,2102188388,2102420376,6,D,7
55,3,1,3,2103323666,2104224444,7,H,9
56,3,2,4,2105458340,2105624020,9,L,10
57,4,1,4,2107961308,2108194015,10,K,13
58,4,2,1,2109327677,2111196264,13,J,14
59,3,2,4,2123909914,2123977105,14,J,15
60,2,4,1,2124610490,2124711373,15,J,14
61,1,1,1,2142695466,2143729089,14,F,3
62,3,2,4,2146131498,2146165018,3,F,1
63,2,2,3,2146698917,2146732980,1,F,14
64,1,2,2,2147065850,2147332667,14,F,12
65,4,2,1,2150402902,2151037011,12,F,3
66,1,4,4,2153373956,2154373749,3,B,0
67,2,2,3,2155208545,2155373591,0,B,3
68,3,3,1,2157041686,2160079268,3,F,3
69,3,1,3,2160947270,2161980929,3,F,14
70,1,2,2,2167754071,2167819643,14,F,12
71,2,1,2,2168154317,2168387614,12,G,8
72,2,4,1,2169254981,2169923233,8,H,7
73,3,1,3,2171090665,2171423226,7,H,9
74,3,2,4,2172790986,2181100326,9,L,10
75,4,1,4,2184270047,2184535343,10,K,13
76,4,2,1,2192946770,2193446123,13,J,14
77,3,2,4,2198484748,2198752729,14,J,15
78,2,4,1,2199319170,2199518734,15,J,14
79,1,1,1,2203922484,2204190301,14,F,3
80,1,4,4,2204824244,2206024792,3,B,0
81,2,2,3,2206760038,2206826534,0,B,3
82,3,2,4,2207425261,2208427147,3,F,1
83,4,2,1,2223341705,2223742816,1,E,2
84,3,4,2,2225511606,2225578284,2,E,1
85,2,1,2,2227345845,2229148838,1,F,12
86,2,1,2,2251669773,2252772565,12,G,8
87,2,2,3,2254807258,2255575151,8,H,9
88,3,2,4,2256609487,2256775616,9,L,10
89,4,1,4,2257142662,2257410289,10,K,13
90,2,4,1,2258577969,2258977880,13,K,11
91,3,2,4,2260714332,2260745822,11,K,13
92,4,1,4,2261847288,2262381237,13,J,15
93,2,4,1,2267253290,2267453442,15,J,14
94,1,1,1,2275160899,2277129821,14,F,3
95,3,4,2,2280265916,2280465661,3,F,12
96,4,4,3,2281466943,2282000241,12,F,14
97,1,4,4,2283369709,2283468927,14,F,1
98,2,2,3,2294680626,2294780266,1,F,14
99,1,2,2,2298551447,2299484367,14,F,12
100,2,1,2,2309529019,2310130216,12,G,8
101,2,2,3,2328648470,2329147519,8,H,9
102,1,4,4,2330415671,2330484241,9,H,8
103,2,4,1,2331184599,2331450977,8,H,7
104,3,2,4,2332951266,2332985319,7,H,8
105,4,1,4,2365117631,2365684091,8,G,12
106,2,4,1,2366820015,2366984946,12,G,5
107,1,2,2,2369121180,2369221705,5,C,6
108,2,3,4,2372758198,2374893889,6,D,6
109,2,2,3,2377764394,2378329540,6,D,7
110,3,1,3,2380032409,2380333567,7,H,9
111,1,4,4,2380933931,2381099979,9,H,8
112,4,2,1,2382400920,2382502109,8,G,5
113,3,2,4,2385070433,2385171313,5,G,12
114,4,1,4,2390742148,2391676463,12,F,1
115,4,4,3,2412464837,2413264954,1,E,16
116,1,2,2,2415669144,2415768335,16,E,1
117,2,1,2,2418272040,2418737866,1,F,12
118,2,1,2,2420706287,2421039659,12,G,8
119,2,3,4,2421740583,2422475089,8,H,8
120,4,2,1,2424777737,2426712610,8,G,5
121,1,2,2,2441626709,2441928020,5,C,6
122,4,1,4,2443462724,2443730681,6,C,4
123,4,1,4,2445463884,2445898324,4,B,0
124,4,3,2,2447533591,2449535266,0,A,0
125,2,2,3,2449835199,2450234284,0,B,3
126,3,2,4,2454540021,2454706510,3,F,1
127,2,2,3,2456274613,2456375089,1,F,14
128,3,3,1,2461447084,2463015292,14,J,14
129,3,2,4,2464149654,2464250270,14,J,15
130,2,4,1,2465351084,2465584529,15,J,14
131,1,2,2,2466384702,2466718471,14,F,12
132,4,2,1,2468854738,2469122998,12,F,3
133,3,2,4,2470588796,2470724086,3,F,1
134,2,2,3,2471856549,2471923837,1,F,14
135,3,4,2,2474694013,2477497532,14,J,13
136,2,1,2,2478931678,2479332158,13,K,10
137,2,3,4,2488874278,2489907715,10,L,10
138,4,2,1,2491044131,2491110588,10,K,11
139,1,2,2,2497683548,2498317681,11,G,8
140,4,2,1,2505723911,2505824457,8,G,5
141,1,2,2,2506593172,2506859586,5,C,6
142,2,3,4,2513230838,2513899693,6,D,6
143,2,2,3,2515101135,2515668231,6,D,7
144,3,1,3,2516669661,2516901836,7,H,9
145,3,2,4,2518102701,2518203443,9,L,10
146,4,1,4,2519071037,2519673162,10,K,13
147,4,1,4,2529247466,2529648452,13,J,15
148,2,4,1,2530283255,2530514774,15,J,14
149,1,4,4,2532151393,2534019804,14,F,1
150,2,2,3,2552337616,2552605279,1,F,14
151,3,2,4,2553872150,2554340644,14,J,15
152,2,3,4,2555207630,2561848218,15,J,15
153,4,2,1,2563114754,2563216199,15,I,16
154,1,1,1,2564084063,2564249433,16,E,2
155,1,2,2,2570823123,2571024119,2,A,0
156,2,1,2,2571524208,2571857626,0,B,4
157,2,3,4,2573359046,2583735683,4,C,4
158,2,1,2,2586605047,2586939559,4,C,6
159,2,2,3,2596349366,2596514519,6,D,7
160,3,1,3,2597482131,2597783785,7,H,9
161,3,2,4,2598750625,2600385957,9,L,10
162,4,1,4,2613131274,2613364727,10,K,13
163,4,1,4,2624543117,2624876436,13,J,15
164,4,2,1,2625911439,2625978775,15,I,16
165,1,1,1,2626445801,2626612059,16,E,2
166,1,2,2,2630849476,2631050333,2,A,0
167,2,1,2,2631483438,2631716833,0,B,4
168,2,1,2,2632484474,2632885237,4,C,6
169,4,4,3,2633685844,2633819897,6,C,5
170,3,2,4,2643596514,2643829187,5,G,12
171,4,1,4,2645530069,2645998257,12,F,1
172,4,2,1,2647200642,2647233034,1,E,2
173,1,2,2,2649067884,2649368577,2,A,0
174,2,1,2,2650135493,2650369206,0,B,4
175,2,1,2,2651136703,2651803933,4,C,6
176,2,2,3,2652671477,2652870777,6,D,7
177,3,1,3,2653905960,2654206309,7,H,9
178,3,2,4,2655475378,2665718424,9,L,10
179,4,1,4,2668887178,2669087475,10,K,13
180,4,1,4,2670655989,2670923665,13,J,15
181,4,2,1,2671724930,2671824667,15,I,16
182,1,1,1,2672458529,2672591380,16,E,2
183,1,2,2,2673225920,2673358409,2,A,0
184,2,1,2,2674694154,2674993604,0,B,4
185,2,1,2,2675760149,2675995891,4,C,6
186,2,2,3,2676796232,2676962535,6,D,7
187,3,1,3,2677831231,2678331195,7,H,9
188,3,2,4,2679731471,2679864897,9,L,10
189,4,1,4,2680966629,2681266574,10,K,13
190,4,1,4,2689141746,2689508290,13,J,15
191,4,2,1,2689942016,2690008373,15,I,16
192,1,1,1,2690343391,2690543662,16,E,2
193,1,2,2,2691309677,2691409060,2,A,0
194,2,1,2,2691776806,2692011538,0,B,4
195,2,1,2,2692611694,2692877456,4,C,6
196,2,2,3,2693645906,2693778991,6,D,7
197,3,1,3,2694647738,2695014810,7,H,9
198,3,2,4,2696849977,2696982481,9,L,10
199,4,1,4,2697815802,2698117004,10,K,13
200,4,1,4,2704689928,2705058482,13,J,15
201,4,2,1,2706091494,2706158105,15,I,16
202,1,1,1,2706491882,2706625110,16,E,2
203,1,2,2,2707559668,2707659979,2,A,0
204,2,1,2,2708926955,2709160767,0,B,4
205,2,1,2,2709927905,2710295734,4,C,6
206,2,2,3,2711329340,2711564946,6,D,7
207,3,1,3,2712766099,2713032016,7,H,9
208,3,2,4,2717502675,2717570034,9,L,10
209,4,1,4,2718404592,2718637519,10,K,13
210,4,1,4,2719304687,2719771308,13,J,15
211,2,4,1,2720305373,2720571800,15,J,14
212,1,1,1,2722074134,2722507376,14,F,3
213,1,2,2,2725511562,2725943968,3,B,4
214,2,1,2,2726779457,2727045036,4,C,6
215,2,2,3,2727912957,2728046619,6,D,7
216,3,1,3,2729282210,2729714191,7,H,9
217,1,4,4,2731017259,2731284054,9,H,8
218,4,2,1,2735088174,2735488023,8,G,5
219,1,2,2,2736688773,2737054668,5,C,6
220,4,4,3,2738257085,2739492066,6,C,5
221,3,2,4,2742761113,2743095617,5,G,12
222,2,2,3,2743596789,2743627880,12,G,11
223,1,2,2,2748201529,2748666571,11,G,8
224,4,2,1,2749602063,2749702869,8,G,5
225,1,2,2,2751269817,2751469474,5,C,6
226,2,2,3,2752504151,2752706332,6,D,7
227,3,1,3,2753706261,2754006518,7,H,9
228,3,2,4,2755074634,2755173598,9,L,10
229,4,1,4,2755975168,2756175143,10,K,13
230,4,1,4,2766452870,2766719591,13,J,15
231,4,2,1,2767252227,2767317910,15,I,16
232,1,1,1,2767652964,2767853981,16,E,2
233,1,2,2,2768687043,2768788532,2,A,0
234,2,1,2,2769421299,2769654314,0,B,4
235,2,1,2,2770454425,2770688931,4,C,6
236,2,2,3,2771690920,2771824727,6,D,7
237,3,1,3,2773158942,2773559238,7,H,9
238,1,4,4,2774458952,2774626869,9,H,8
239,4,1,4,2775694834,2776328836,8,G,12
240,4,1,4,2777663018,2778663816,12,F,1
241,2,2,3,2794847149,2795047047,1,F,14
242,3,2,4,2797315932,2798083350,14,J,15
243,4,2,1,2799051476,2799117133,15,I,16
244,1,1,1,2799483789,2799651518,16,E,2
245,1,2,2,2800452443,2800554087,2,A,0
246,2,1,2,2801186178,2801419379,0,B,4
247,2,1,2,2802756160,2802987824,4,C,6
248,2,2,3,2815500622,2815734073,6,D,7
249,3,1,3,2823509074,2823842811,7,H,9
250,3,2,4,2825011114,2825109765,9,L,10
251,4,1,4,2825810821,2826044525,10,K,13
252,4,1,4,2827077413,2827312059,13,J,15
253,2,4,1,2827980194,2828180169,15,J,14
254,1,1,1,2828614724,2828913894,14,F,3
255,1,2,2,2830515650,2830881803,3,B,4
256,2,1,2,2832051270,2832384294,4,C,6
257,4,4,3,2833785001,2833885553,6,C,5
258,3,2,4,2834987269,2835086884,5,G,12
259,4,1,4,2836488551,2838690848,12,F,1
260,4,2,1,2862614563,2862780436,1,E,2
261,1,2,2,2863649215,2863748953,2,A,0
262,2,1,2,2864517586,2864750069,0,B,4
263,2,1,2,2865483943,2865685009,4,C,6
264,2,2,3,2866619935,2871055658,6,D,7
265,3,1,3,2874158457,2874460277,7,H,9
266,3,2,4,2881467294,2881565675,9,L,10
267,4,1,4,2882000846,2882267963,10,K,13
268,4,1,4,2883468230,2883802026,13,J,15
269,2,4,1,2884368926,2884570159,15,J,14
270,1,1,1,2885003152,2885269973,14,F,3
271,3,4,2,2886304846,2886538557,3,F,12
272,4,4,3,2895180483,2895714090,12,F,14
273,3,2,4,2898149744,2898783835,14,J,15
274,4,2,1,2899652207,2899752391,15,I,16
275,1,1,1,2900052559,2900217264,16,E,2
276,1,2,2,2901020206,2901086964,2,A,0
277,2,1,2,2901520174,2901719689,0,B,4
278,2,1,2,2913532038,2913799204,4,C,6
279,2,2,3,2914632909,2914833900,6,D,7
280,3,1,3,2915801183,2916034606,7,H,9
281,1,4,4,2916499976,2916635071,9,H,8
282,4,2,1,2922776073,2923008786,8,G,5
283,1,2,2,2924042513,2924209352,5,C,6
284,2,2,3,2925478120,2925709610,6,D,7
285,3,1,3,2926545029,2926844302,7,H,9
286,3,2,4,2928012823,2928113681,9,L,10
287,4,1,4,2928613683,2928880556,10,K,13
288,4,1,4,2930816057,2931315444,13,J,15
289,4,2,1,2932183355,2932284255,15,I,16
290,1,1,1,2932585996,2932784597,16,E,2
291,1,2,2,2933551565,2933585971,2,A,0
292,2,1,2,2934319737,2934552962,0,B,4
293,2,3,4,2937722874,2938591290,4,C,4
294,2,1,2,2948600315,2948899621,4,C,6
295,2,2,3,2949701747,2949901495,6,D,7
296,3,2,4,2950669628,2951102822,7,H,8
297,4,1,4,2954206907,2954505783,8,G,12
298,4,1,4,2955840897,2961379929,12,F,1
299,4,2,1,2974359614,2974427554,1,E,2
300,1,2,2,2975360687,2975459307,2,A,0
301,2,1,2,2975795207,2975994834,0,B,4
302,2,1,2,2976629220,2976929440,4,C,6
303,2,2,3,2985370498,2985538082,6,D,7
304,3,1,3,2986404967,2986772926,7,H,9
305,3,2,4,2987639889,2987739746,9,L,10
306,4,1,4,2988707979,2988974580,10,K,13
307,2,4,1,2990074322,2990276312,13,K,11
308,1,2,2,2990810092,2991144070,11,G,8
309,2,2,3,3008893350,3010094960,8,H,9
310,3,2,4,3011129168,3011262648,9,L,10
311,4,1,4,3012097159,3012297563,10,K,13
312,2,4,1,3012997413,3013299251,13,K,11
313,1,1,1,3013599229,3014199553,11,G,5
314,1,2,2,3014664980,3014900152,5,C,6
315,2,2,3,3025109055,3025210313,6,D,7
316,3,2,4,3026009962,3026179256,7,H,8
317,4,2,1,3028413357,3028647648,8,G,5
318,3,2,4,3029247492,3029346420,5,G,12
319,4,2,1,3029981477,3030115955,12,F,3
320,3,2,4,3030850134,3030949727,3,F,1
321,4,2,1,3032416925,3032584268,1,E,2
322,1,2,2,3033418598,3033486705,2,A,0
323,2,1,2,3034252579,3034453071,0,B,4
324,2,1,2,3044897288,3046731216,4,C,6
325,2,2,3,3055674096,3055841694,6,D,7
326,3,1,3,3056408498,3060077609,7,H,9
327,3,2,4,3063148927,3063247970,9,L,10
328,4,1,4,3069354209,3069554395,10,K,13
329,2,4,1,3070222658,3070522687,13,K,11
330,1,1,1,3070822587,3071123006,11,G,5
331,1,2,2,3071756249,3072055395,5,C,6
332,2,2,3,3080265578,3080365236,6,D,7
333,3,1,3,3081198558,3081465902,7,H,9
334,1,4,4,3082268043,3082434710,9,H,8
335,4,2,1,3083301341,3085002901,8,G,5
336,1,2,2,3088072229,3088405354,5,C,6
337,2,2,3,3089140048,3089340452,6,D,7
338,3,2,4,3090041992,3090341877,7,H,8
339,4,1,4,3091376907,3091777044,8,G,12
340,4,1,4,3092576863,3092878125,12,F,1
341,4,2,1,3114466993,3114499804,1,E,2
342,1,2,2,3118204171,3118403694,2,A,0
343,2,1,2,3118738092,3118971492,0,B,4
344,2,1,2,3119704317,3120105933,4,C,6
345,2,2,3,3120873183,3125277273,6,D,7
346,3,1,3,3128346273,3133818851,7,H,9
347,3,2,4,3136821800,3137054223,9,L,10
348,4,1,4,3137489616,3137889619,10,K,13
349,4,1,4,3139256708,3139523457,13,J,15
350,4,2,1,3140258261,3140325161,15,I,16
351,1,1,1,3141059372,3141226162,16,E,2
352,1,2,2,3142095122,3142226653,2,A,0
353,2,1,2,3142961489,3143195702,0,B,4
354,2,3,4,3145229358,3146130868,4,C,4
355,2,1,2,3152270652,3152537282,4,C,6
356,4,4,3,3153671424,3153805819,6,C,5
357,1,2,2,3155005989,3155839406,5,C,6
358,4,4,3,3156809024,3157009135,6,C,5
359,3,1,3,3157943608,3158344333,5,G,11
360,3,2,4,3159277739,3159410988,11,K,13
361,4,1,4,3160479216,3160713205,13,J,15
362,4,2,1,3161578885,3167485507,15,I,16
363,1,1,1,3168020214,3168220599,16,E,2
364,1,2,2,3168953853,3169020145,2,A,0
365,2,1,2,3169521795,3169788414,0,B,4
366,2,1,2,3170555682,3170790021,4,C,6
367,2,2,3,3171723783,3171856012,6,D,7
368,3,1,3,3172890476,3178896713,7,H,9
369,3,2,4,3182500284,3184102464,9,L,10
370,4,1,4,3184602858,3184868867,10,K,13
371,2,4,1,3185670089,3185903850,13,K,11
372,1,1,1,3187371444,3187572538,11,G,5
373,1,2,2,3188072077,3188340077,5,C,6
374,2,2,3,3189642940,3189907996,6,D,7
375,3,1,3,3190942886,3191242735,7,H,9
376,3,2,4,3192544060,3192644314,9,L,10
377,4,1,4,3193511926,3193811408,10,K,13
378,4,1,4,3195046641,3195247300,13,J,15
379,4,2,1,3195849117,3195914187,15,I,16
380,1,1,1,3196615854,3196782036,16,E,2
381,1,2,2,3201686818,3201987627,2,A,0
382,2,1,2,3202355266,3202554423,0,B,4
383,2,1,2,3202988800,3203187690,4,C,6
384,2,2,3,3203988685,3204156496,6,D,7
385,3,2,4,3205389405,3205858678,7,H,8
386,4,2,1,3206357598,3206491887,8,G,5
387,1,2,2,3208226017,3208459354,5,C,6
388,2,2,3,3209494557,3209762112,6,D,7
389,3,1,3,3211095483,3211430027,7,H,9
390,3,2,4,3212698940,3212830678,9,L,10
391,4,1,4,3213698783,3213898243,10,K,13
392,4,1,4,3223374930,3223741757,13,J,15
393,2,4,1,3224976820,3225042700,15,J,14
394,1,1,1,3225543698,3225843906,14,F,3
395,1,2,2,3226443840,3226711666,3,B,4
396,2,1,2,3227478914,3227779180,4,C,6
397,2,2,3,3228679567,3228781302,6,D,7
398,3,1,3,3229648167,3229981001,7,H,9
399,1,4,4,3230516032,3230716129,9,H,8
400,4,2,1,3231583104,3231682711,8,G,5
401,1,2,2,3232549489,3232918205,5,C,6
402,2,2,3,3233884815,3234086051,6,D,7
403,3,1,3,3235053560,3238757677,7,H,9
404,3,2,4,3241860790,3241993428,9,L,10
405,4,1,4,3242326669,3242494589,10,K,13
406,4,2,1,3249035661,3249334897,13,J,14
407,1,2,2,3259378219,3259611156,14,F,12
408,2,1,2,3284069079,3284402591,12,G,8
409,2,2,3,3285003259,3285369605,8,H,9
410,3,2,4,3288406361,3288541506,9,L,10
411,4,1,4,3289441370,3289643140,10,K,13
412,4,2,1,3295513440,3295714610,13,J,14
413,1,1,1,3296448214,3296680728,14,F,3
414,1,2,2,3297982672,3298150640,3,B,4
415,2,3,4,3301620424,3303455965,4,C,4
416,2,1,2,3307425748,3307759274,4,C,6
417,2,2,3,3309761058,3309963140,6,D,7
418,3,1,3,3310695851,3311128742,7,H,9
419,1,4,4,3311730072,3311829467,9,H,8
420,4,2,1,3331949778,3332084077,8,G,5
421,1,2,2,3332717309,3332884109,5,C,6
422,2,2,3,3334185486,3334583461,6,D,7
423,3,1,3,3335653100,3336020588,7,H,9
424,3,2,4,3338289962,3338389402,9,L,10
425,4,1,4,3339323653,3339724138,10,K,13
426,4,2,1,3345997702,3346364254,13,J,14
427,1,1,1,3354138485,3354372729,14,F,3
428,1,2,2,3355007977,3355273999,3,B,4
429,4,1,4,3357441824,3358075418,4,B,0
430,2,2,3,3360012828,3360244005,0,B,3
431,3,2,4,3361246537,3361514187,3,F,1
432,2,2,3,3364049082,3364449964,1,F,14
433,1,2,2,3365517834,3365650202,14,F,12
434,2,1,2,3368352982,3368654339,12,G,8
435,4,2,1,3371188230,3371322693,8,G,5
436,1,2,2,3371856068,3371990165,5,C,6
437,2,2,3,3372891057,3373091161,6,D,7
438,3,1,3,3373891147,3377530970,7,H,9
439,3,2,4,3380698945,3390007468,9,L,10
440,4,1,4,3393177940,3393444465,10,K,13
441,4,1,4,3399050533,3399452233,13,J,15
442,2,4,1,3400118056,3400285180,15,J,14
443,1,1,1,3400719512,3403788773,14,F,3
444,3,2,4,3407325043,3407392709,3,F,1
445,4,2,1,3425509268,3425643723,1,E,2
446,1,2,2,3429682912,3429881393,2,A,0
447,2,1,2,3430247782,3430481619,0,B,4
448,2,1,2,3431282408,3431549816,4,C,6
449,2,2,3,3438522571,3438757543,6,D,7
450,3,1,3,3439791218,3440057707,7,H,9
451,3,2,4,3441324406,3441426012,9,L,10
452,4,1,4,3442394846,3442995170,10,K,13
453,4,2,1,3451536187,3451769485,13,J,14
454,1,2,2,3453905237,3454039230,14,F,12
455,2,1,2,3455873894,3456174534,12,G,8
456,2,2,3,3458375487,3460111229,8,H,9
457,3,2,4,3463315642,3463446988,9,L,10
458,4,1,4,3464317086,3464548245,10,K,13
459,4,1,4,3465650183,3465917486,13,J,15
460,4,2,1,3466550084,3466650263,15,I,16
461,1,1,1,3467351597,3467618159,16,E,2
462,1,2,2,3468352432,3468420364,2,A,0
463,2,1,2,3468854293,3469121778,0,B,4
464,2,1,2,3469921310,3470187732,4,C,6
465,2,2,3,3471222587,3476060227,6,D,7
466,3,1,3,3479164712,3479464680,7,H,9
467,3,2,4,3480397606,3480532021,9,L,10
468,4,1,4,3481433670,3481698971,10,K,13
469,4,2,1,3482535987,3482600052,13,J,14
470,1,1,1,3484602228,3484803112,14,F,3
471,1,2,2,3485470619,3485703293,3,B,4
472,2,1,2,3486437717,3487072270,4,C,6
473,4,4,3,3488441377,3488640511,6,C,5
474,3,1,3,3508559308,3508960070,5,G,11
475,1,2,2,3511862668,3512229286,11,G,8
476,2,2,3,3514031694,3516901147,8,H,9
477,3,2,4,3520238641,3520338971,9,L,10
478,4,1,4,3521240378,3521439595,10,K,13
479,4,2,1,3522340790,3522440493,13,J,14
480,1,4,4,3523475168,3524408886,14,F,1
481,4,2,1,3543461128,3543527306,1,E,2
482,1,2,2,3544363310,3544461794,2,A,0
483,2,1,2,3544861521,3545062554,0,B,4
484,2,3,4,3545730805,3548132099,4,C,4
485,2,1,2,3550635288,3550935482,4,C,6
486,2,2,3,3551668936,3551836748,6,D,7
487,3,1,3,3559111631,3559443035,7,H,9
488,3,2,4,3562547036,3562680536,9,L,10
489,4,1,4,3563380636,3563616281,10,K,13
490,2,4,1,3564447509,3564716100,13,K,11
491,1,1,1,3565082780,3565350369,11,G,5
492,1,2,2,3565816337,3565949590,5,C,6
493,2,2,3,3567184941,3567384486,6,D,7
494,3,2,4,3568019055,3569086873,7,H,8
495,2,4,1,3571824607,3572024436,8,H,7
496,3,2,4,3572724688,3572824842,7,H,8
497,1,0,0,3575960286,4338655986,8,0,0
498,2,1,2,4341125778,4341358680,0,B,4
499,2,1,2,4342226070,4342426273,4,C,6
500,2,2,3,4350234573,4350334841,6,D,7
501,3,2,4,4350967793,4351202510,7,H,8
502,4,1,4,4352570382,4352971326,8,G,12
503,4,1,4,4353804597,4354405664,12,F,1
504,2,2,3,4371722678,4371790713,1,F,14
505,1,2,2,4372489973,4372655901,14,F,12
506,4,2,1,4381231454,4381298302,12,F,3
507,1,2,2,4382666757,4382832224,3,B,4
508,2,1,2,4383634974,4383867537,4,C,6
509,2,2,3,4385002579,4385136296,6,D,7
510,3,1,3,4385804648,4386170195,7,H,9
511,3,2,4,4395478677,4395612759,9,L,10
512,4,1,4,4403987905,4404223296,10,K,13
513,4,1,4,4404990202,4405655854,13,J,15
514,4,2,1,4406291183,4406391151,15,I,16
515,1,1,1,4406957514,4407158113,16,E,2
516,1,2,2,4407926376,4408059854,2,A,0
517,2,1,2,4408459336,4408692005,0,B,4
518,2,1,2,4409393099,4409660548,4,C,6
519,2,2,3,4410528940,4410628127,6,D,7
520,3,1,3,4411262479,4411795242,7,H,9
521,3,2,4,4413530928,4413630773,9,L,10
522,4,1,4,4414532611,4414732324,10,K,13
523,4,1,4,4416399714,4416934759,13,J,15
524,2,4,1,4417601582,4417801591,15,J,14
525,1,1,1,4418368498,4418702727,14,F,3
526,1,2,2,4419736710,4419803027,3,B,4
527,2,1,2,4420570857,4421004831,4,C,6
528,2,2,3,4421739469,4421871231,6,D,7
529,3,2,4,4422806123,4423207385,7,H,8
530,4,2,1,4424341033,4424543103,8,G,5
531,1,2,2,4439722601,4439990560,5,C,6
532,2,2,3,4441190879,4441525293,6,D,7
533,3,1,3,4441993203,4442360624,7,H,9
534,1,4,4,4444094358,4444294282,9,H,8
535,4,2,1,4444996391,4445096121,8,G,5
536,3,2,4,4446430605,4446530735,5,G,12
537,4,2,1,4446931164,4447231595,12,F,3
538,3,2,4,4447764928,4447830911,3,F,1
539,2,2,3,4466049582,4466116640,1,F,14
540,1,2,2,4466951665,4467051580,14,F,12
541,2,1,2,4468219305,4468486901,12,G,8
542,2,2,3,4470120903,4470688067,8,H,9
543,3,2,4,4472455394,4472555873,9,L,10
544,4,1,4,4473290529,4473490890,10,K,13
545,4,1,4,4474725208,4474924853,13,J,15
546,4,2,1,4476026750,4476158983,15,I,16
547,1,1,1,4476560322,4476760455,16,E,2
548,1,2,2,4482333042,4482465685,2,A,0
549,2,1,2,4482900039,4483167105,0,B,4
550,2,1,2,4483734839,4483968155,4,C,6
551,4,4,3,4484902928,4485102502,6,C,5
552,3,2,4,4486236830,4486336509,5,G,12
553,4,1,4,4487806252,4488105235,12,F,1
554,4,2,1,4489306960,4489372888,1,E,2
555,1,2,2,4491608860,4494912429,2,A,0
556,2,1,2,4495545881,4495846494,0,B,4
557,2,1,2,4496747083,4496980899,4,C,6
558,2,2,3,4498182466,4498316629,6,D,7
559,3,1,3,4504088212,4504422411,7,H,9
560,3,2,4,4506490080,4506590158,9,L,10
561,4,1,4,4507223672,4507490501,10,K,13
562,4,1,4,4508125391,4508892631,13,J,15
563,4,2,1,4509759399,4509859418,15,I,16
564,1,1,1,4510293641,4510460425,16,E,2
565,3,4,2,4511295256,4511494140,2,E,1
566,2,1,2,4511795793,4520038107,1,F,12
567,2,1,2,4524274652,4524575345,12,G,8
568,4,2,1,4525174976,4525408414,8,G,5
569,1,2,2,4526075855,4526476838,5,C,6
570,2,2,3,4527444308,4527577108,6,D,7
571,3,2,4,4528078005,4528279042,7,H,8
572,4,2,1,4529412245,4529579402,8,G,5
573,3,2,4,4531850083,4531915449,5,G,12
574,4,1,4,4532282192,4532515395,12,F,1
575,4,2,1,4533517914,4533583249,1,E,2
576,1,2,2,4541391943,4541525526,2,A,0
577,2,1,2,4541992800,4542225670,0,B,4
578,2,1,2,4542826117,4543093090,4,C,6
579,4,4,3,4543861514,4543993002,6,C,5
580,3,1,3,4545563856,4545829622,5,G,11
581,1,2,2,4547664543,4548832566,11,G,8
582,4,2,1,4550134385,4550200542,8,G,5
583,1,2,2,4550734509,4550935194,5,C,6
584,2,2,3,4551969762,4552135343,6,D,7
585,3,1,3,4552704156,4555106519,7,H,9
586,3,2,4,4558276036,4569787146,9,L,10
587,4,1,4,4572923525,4573124209,10,K,13
588,4,1,4,4574392019,4574658487,13,J,15
589,2,4,1,4575359712,4575625623,15,J,14
590,1,4,4,4576226845,4576793456,14,F,1
591,4,2,1,4577995588,4578027797,1,E,2
592,1,2,2,4583500303,4583700380,2,A,0
593,2,1,2,4584034707,4584301167,0,B,4
594,2,1,2,4585102273,4585335841,4,C,6
595,4,4,3,4586203282,4586404275,6,C,5
596,3,2,4,4599682854,4600518236,5,G,12
597,4,2,1,4601283872,4601519341,12,F,3
598,3,2,4,4602319004,4602386016,3,F,1
599,4,2,1,4603853485,4603920711,1,E,2
600,1,2,2,4609627569,4609793700,2,A,0
601,2,1,2,4610194485,4610428774,0,B,4
602,2,1,2,4611128540,4611362592,4,C,6
603,2,2,3,4612195837,4612329321,6,D,7
604,3,1,3,4618101835,4618402073,7,H,9
605,3,2,4,4619770072,4619870639,9,L,10
606,4,1,4,4627276183,4627544176,10,K,13
607,4,1,4,4635385201,4636085698,13,J,15
608,2,4,1,4636920607,4637253973,15,J,14
609,1,2,2,4656073802,4656206049,14,F,12
610,4,2,1,4656940577,4657007254,12,F,3
611,1,2,2,4657774799,4658007758,3,B,4
612,2,1,2,4658808331,4659376472,4,C,6
613,2,2,3,4660177977,4660277635,6,D,7
614,3,1,3,4661579525,4666183906,7,H,9
615,3,2,4,4669319054,4669419016,9,L,10
616,4,1,4,4669853535,4670087354,10,K,13
617,4,2,1,4677260335,4678495786,13,J,14
618,1,1,1,4679095463,4679762084,14,F,3
619,1,2,2,4680464538,4680730409,3,B,4
620,2,1,2,4681631503,4682099543,4,C,6
621,2,2,3,4682866094,4683100280,6,D,7
622,3,1,3,4684436133,4684969570,7,H,9
623,3,2,4,4685935925,4686069050,9,L,10
624,4,1,4,4686970213,4687171059,10,K,13
625,4,1,4,4688305665,4688539601,13,J,15
626,2,4,1,4689339247,4689472849,15,J,14
627,1,1,1,4689906293,4690107702,14,F,3
628,1,2,2,4691642209,4692073056,3,B,4
629,2,1,2,4692810590,4693411031,4,C,6
630,2,2,3,4694243344,4694377614,6,D,7
631,3,1,3,4695412578,4695712348,7,H,9
632,1,4,4,4696446478,4696579830,9,H,8
633,4,2,1,4697515557,4697614063,8,G,5
634,3,2,4,4711060450,4711128458,5,G,12
635,4,2,1,4711795630,4711928036,12,F,3
636,3,2,4,4712496347,4712562100,3,F,1
637,4,2,1,4713430952,4713597425,1,E,2
638,1,2,2,4714231192,4714364349,2,A,0
639,2,1,2,4714698516,4714932913,0,B,4
640,2,1,2,4715632215,4715865392,4,C,6
641,2,2,3,4723040340,4723373781,6,D,7
642,3,1,3,4723874014,4725174591,7,H,9
643,3,2,4,4728412112,4728511822,9,L,10
644,4,1,4,4729212068,4729412579,10,K,13
645,4,2,1,4730714431,4731280826,13,J,14
646,1,2,2,4731815443,4732214561,14,F,12
647,4,2,1,4750667667,4751469364,12,F,3
648,1,2,2,4752469392,4752601774,3,B,4
649,2,1,2,4753302306,4753536325,4,C,6
650,2,2,3,4754471122,4754671843,6,D,7
651,3,2,4,4755238848,4755439526,7,H,8
652,4,2,1,4756740240,4756874500,8,G,5
653,3,2,4,4765315854,4765415812,5,G,12
654,4,1,4,4765649788,4768417551,12,F,1
655,2,2,3,4782966356,4783100591,1,F,14
656,3,2,4,4800083360,4800217696,14,J,15
657,4,2,1,4800784487,4800851463,15,I,16
658,1,1,1,4801251941,4801451065,16,E,2
659,1,2,2,4802185133,4802319158,2,A,0
660,2,1,2,4802719374,4802920102,0,B,4
661,2,1,2,4803721926,4809226245,4,C,6
662,2,2,3,4811861995,4812095669,6,D,7
663,3,1,3,4821270817,4821639541,7,H,9
664,3,2,4,4828846232,4828978162,9,L,10
665,4,1,4,4829881146,4830114640,10,K,13
666,2,4,1,4831215315,4831249458,13,K,11
667,1,1,1,4831881514,4832081644,11,G,5
668,1,2,2,4832682200,4832916898,5,C,6
669,2,2,3,4834082591,4834385294,6,D,7
670,3,1,3,4835485049,4835886147,7,H,9
671,3,2,4,4837054393,4837187198,9,L,10
672,4,1,4,4837621343,4837820975,10,K,13
673,4,2,1,4840689664,4840889844,13,J,14
674,1,2,2,4850834987,4851135538,14,F,12
675,2,1,2,4852901947,4853271095,12,G,8
676,4,2,1,4854872883,4855071062,8,G,5
677,1,2,2,4855705444,4855905566,5,C,6
678,2,2,3,4857307324,4857675074,6,D,7
679,3,2,4,4858641818,4858708546,7,H,8
680,4,2,1,4860109628,4860243939,8,G,5
681,3,2,4,4862279895,4862345731,5,G,12
682,4,1,4,4862646193,4863011141,12,F,1
683,4,2,1,4879562892,4879662761,1,E,2
684,1,2,2,4882765478,4882932272,2,A,0
685,2,1,2,4883299870,4883566427,0,B,4
686,2,1,2,4884333300,4884602326,4,C,6
687,2,2,3,4885468404,4885602430,6,D,7
688,3,1,3,4887270272,4887671290,7,H,9
689,3,2,4,4888706996,4888807076,9,L,10
690,4,1,4,4889405691,4889607058,10,K,13
691,2,4,1,4890373456,4890507428,13,K,11
692,1,1,1,4890874323,4891142097,11,G,5
693,1,2,2,4891675341,4891840638,5,C,6
694,4,1,4,4893442569,4893677802,6,C,4
695,4,1,4,4895111455,4895512973,4,B,0
696,2,2,3,4898347928,4898514219,0,B,3
697,1,2,2,4901820355,4901917794,3,B,4
698,2,1,2,4903386122,4903621205,4,C,6
699,2,2,3,4904553448,4904687528,6,D,7
700,3,2,4,4905789284,4912795803,7,H,8
701,4,2,1,4918701727,4919001326,8,G,5
702,3,2,4,4924442649,4924506766,5,G,12
703,4,1,4,4924873419,4925207579,12,F,1
704,4,2,1,4926709041,4926775491,1,E,2
705,1,2,2,4927711368,4927878432,2,A,0
706,2,1,2,4928245031,4928477987,0,B,4
707,2,1,2,4929247214,4929479479,4,C,6
708,2,2,3,4937287312,4937453085,6,D,7
709,3,1,3,4937987143,4938621033,7,H,9
710,1,4,4,4940491537,4947597307,9,H,8
711,2,2,3,4957541009,4957640513,8,H,9
712,3,2,4,4958741330,4958873981,9,L,10
713,4,2,1,4959710489,4960209904,10,K,11
714,1,1,1,4961678816,4961978070,11,G,5
715,1,2,2,4964281132,4964482628,5,C,6
716,2,2,3,4965981529,4966283364,6,D,7
717,3,1,3,4967015684,4967384956,7,H,9
718,1,4,4,4968818877,4969018345,9,H,8
719,4,1,4,4970186556,4970654123,8,G,12
720,4,1,4,4971088784,4971820909,12,F,1
721,4,2,1,4972723158,4972789376,1,E,2
722,3,1,3,4974057302,4974356947,2,E,16
723,1,2,2,4975492242,4980898086,16,E,1
724,2,2,3,4988537683,4989038842,1,F,14
725,1,2,2,4998715758,4998816547,14,F,12
726,2,1,2,5019570143,5019902625,12,G,8
727,2,2,3,5020504310,5020804372,8,H,9
728,3,2,4,5022038642,5022171501,9,L,10
729,4,1,4,5022605943,5022972852,10,K,13
730,4,1,4,5024041076,5024307632,13,J,15
731,2,4,1,5024841620,5024974412,15,J,14
732,1,1,1,5025509121,5025743022,14,F,3
733,1,2,2,5026342688,5026510087,3,B,4
734,2,1,2,5037654816,5042425412,4,C,6
735,2,2,3,5045528358,5045763088,6,D,7
736,3,2,4,5052769487,5053035330,7,H,8
737,4,2,1,5054404735,5054638139,8,G,5
738,1,2,2,5055339105,5055572164,5,C,6
739,2,2,3,5063779738,5064013488,6,D,7
740,3,2,4,5064948000,5065447696,7,H,8
741,4,2,1,5066548861,5066683158,8,G,5
742,3,2,4,5072990729,5073056407,5,G,12
743,4,1,4,5073590778,5074191800,12,F,1
744,4,2,1,5095479387,5095512886,1,E,2
745,1,2,2,5096413070,5096546036,2,A,0
746,2,1,2,5097313919,5097546771,0,B,4
747,2,1,2,5098448692,5098715298,4,C,6
748,2,2,3,5099916428,5100117471,6,D,7
749,3,2,4,5101184480,5101484268,7,H,8
750,4,2,1,5102785527,5102952324,8,G,5
751,3,2,4,5104721063,5104754494,5,G,12
752,4,4,3,5105188091,5105689074,12,F,14
753,1,4,4,5106322659,5106456483,14,F,1
754,2,2,3,5108258040,5108325940,1,F,14
755,3,2,4,5112595637,5112862685,14,J,15
756,4,2,1,5114031140,5114131350,15,I,16
757,1,1,1,5114864887,5115232326,16,E,2
758,1,2,2,5115633370,5115798541,2,A,0
759,2,1,2,5116233205,5116466087,0,B,4
760,2,1,2,5117300395,5117534522,4,C,6
761,2,2,3,5118868591,5119035956,6,D,7
762,3,1,3,5119836444,5126443465,7,H,9
763,3,2,4,5129513051,5131648428,9,L,10
764,4,1,4,5145629636,5146163079,10,K,13
765,4,2,1,5147196643,5147397950,13,J,14
766,1,2,2,5149167473,5149365942,14,F,12
767,4,2,1,5150901761,5151034737,12,F,3
768,1,2,2,5151835616,5152001653,3,B,4
769,2,1,2,5153937169,5154270580,4,C,6
770,2,2,3,5163580316,5163780920,6,D,7
771,3,2,4,5172322543,5172689520,7,H,8
772,4,2,1,5173990907,5174156782,8,G,5
773,1,2,2,5174858113,5175024472,5,C,6
774,2,2,3,5176559073,5176925957,6,D,7
775,3,1,3,5177526839,5184567999,7,H,9
776,3,2,4,5187637631,5196679496,9,L,10
777,4,1,4,5199949793,5200249432,10,K,13
778,4,1,4,5201150668,5201819118,13,J,15
779,2,4,1,5202385399,5202485991,15,J,14
780,1,1,1,5203085883,5203453877,14,F,3
781,1,2,2,5204353759,5204553536,3,B,4
782,2,1,2,5205489133,5205788093,4,C,6
783,2,2,3,5206789821,5206923507,6,D,7
784,3,1,3,5207757865,5208091116,7,H,9
785,3,2,4,5209158793,5209259349,9,L,10
786,4,1,4,5210159670,5210426842,10,K,13
787,4,2,1,5210859623,5210993108,13,J,14
788,1,1,1,5212294795,5212528876,14,F,3
789,1,2,2,5213429547,5213630688,3,B,4
790,2,1,2,5214463984,5214864455,4,C,6
791,2,2,3,5215799781,5215933045,6,D,7
792,3,1,3,5216834421,5217135885,7,H,9
793,1,4,4,5219469443,5224975521,9,H,8
794,4,1,4,5232380598,5232782391,8,G,12
795,4,1,4,5233381864,5235151108,12,F,1
796,4,2,1,5247629946,5247764118,1,E,2
797,1,2,2,5248731595,5248831803,2,A,0
798,2,1,2,5249232485,5249498965,0,B,4
799,2,1,2,5250300196,5250600347,4,C,6
800,2,2,3,5259208403,5267583562,6,D,7
801,3,1,3,5270587054,5271421595,7,H,9
802,3,2,4,5272791530,5272888668,9,L,10
803,4,2,1,5273423174,5273555994,10,K,11
804,3,2,4,5274323754,5274389917,11,K,13
805,4,2,1,5283733323,5283899736,13,J,14
806,1,1,1,5285367998,5285635125,14,F,3
807,1,2,2,5286334804,5286502292,3,B,4
808,2,1,2,5287603133,5287936950,4,C,6
809,2,2,3,5298515152,5298715984,6,D,7
810,3,1,3,5299883382,5300216693,7,H,9
811,3,2,4,5301584532,5301718486,9,L,10
812,4,1,4,5302852385,5303186399,10,K,13
813,4,2,1,5304017812,5304187481,13,J,14
814,1,1,1,5306556483,5319268812,14,F,3
815,1,2,2,5322604685,5322871455,3,B,4
816,2,1,2,5323939159,5324206747,4,C,6
817,2,2,3,5325274062,5325441999,6,D,7
818,3,1,3,5326208281,5326509445,7,H,9
819,3,2,4,5328144847,5328244445,9,L,10
820,4,1,4,5328978762,5329278831,10,K,13
821,4,2,1,5329813353,5330079487,13,J,14
822,3,2,4,5332582351,5332649097,14,J,15
823,4,2,1,5333116089,5333182785,15,I,16
824,1,1,1,5333583097,5333816659,16,E,2
825,1,2,2,5339122856,5339288278,2,A,0
826,2,1,2,5339622255,5339856074,0,B,4
827,2,1,2,5340656860,5340924441,4,C,6
828,2,2,3,5342225362,5342424435,6,D,7
829,3,1,3,5343159840,5343625550,7,H,9
830,3,2,4,5345294827,5345394010,9,L,10
831,4,1,4,5346662660,5346862717,10,K,13
832,4,2,1,5348097635,5348398019,13,J,14
833,1,1,1,5349566174,5349799627,14,F,3
834,1,2,2,5350800473,5351035363,3,B,4
835,2,1,2,5352335049,5352602548,4,C,6
836,2,2,3,5353703914,5353836647,6,D,7
837,3,2,4,5354470374,5354604389,7,H,8
838,4,2,1,5358274966,5362979888,8,G,5
839,1,2,2,5367950856,5368317513,5,C,6
840,2,2,3,5369519261,5369752193,6,D,7
841,3,2,4,5370487579,5370618802,7,H,8
842,4,2,1,5371955133,5372189201,8,G,5
843,3,2,4,5373422004,5373455418,5,G,12
844,4,1,4,5374090531,5376358614,12,F,1
845,4,2,1,5394042775,5394176250,1,E,2
846,1,2,2,5396913549,5397046069,2,A,0
847,2,1,2,5397480436,5397747263,0,B,4
848,2,1,2,5398648318,5398948447,4,C,6
849,2,2,3,5399982702,5400148663,6,D,7
850,3,1,3,5401016859,5401317532,7,H,9
851,3,2,4,5408691936,5408825621,9,L,10
852,4,2,1,5409292057,5409459211,10,K,11
853,3,2,4,5410192838,5410259867,11,K,13
854,4,2,1,5415532579,5415730932,13,J,14
855,1,2,2,5417667366,5425842796,14,F,12
856,2,1,2,5442224662,5442691637,12,G,8
857,2,2,3,5447630469,5451567322,8,H,9
858,3,2,4,5452534462,5452701426,9,L,10
859,4,1,4,5453702534,5453934202,10,K,13
860,4,2,1,5454936698,5455538068,13,J,14
861,1,1,1,5456071948,5456305575,14,F,3
862,3,2,4,5457875775,5458041746,3,F,1
863,4,2,1,5459242946,5459275942,1,E,2
864,1,2,2,5465114148,5465281273,2,A,0
865,2,1,2,5465648070,5465882269,0,B,4
866,2,1,2,5466449893,5466716123,4,C,6
867,2,2,3,5467717346,5475859031,6,D,7
868,3,1,3,5478961548,5479362272,7,H,9
869,3,2,4,5489038194,5489204725,9,L,10
870,4,1,4,5503086064,5503352384,10,K,13
871,4,2,1,5504521353,5504720680,13,J,14
872,1,1,1,5506455627,5506823245,14,F,3
873,1,2,2,5507790470,5507957436,3,B,4
874,2,1,2,5508791479,5509258096,4,C,6
875,2,2,3,5510091849,5510192349,6,D,7
876,3,1,3,5510893593,5511260184,7,H,9
877,1,4,4,5511960953,5520469621,9,H,8
878,4,2,1,5530245629,5534884026,8,G,5
879,1,2,2,5540923406,5541224418,5,C,6
880,2,2,3,5542459165,5542724945,6,D,7
881,3,1,3,5543491925,5543826641,7,H,9
882,3,2,4,5545161979,5545261471,9,L,10
883,4,1,4,5546394527,5546595168,10,K,13
884,4,2,1,5548097647,5548329664,13,J,14
885,1,2,2,5561510432,5561678502,14,F,12
886,2,1,2,5564446532,5564746713,12,G,8
887,4,2,1,5567585634,5567683188,8,G,5
888,1,2,2,5568285210,5568517539,5,C,6
889,2,2,3,5577927893,5582899531,6,D,7
890,3,2,4,5586002281,5586535508,7,H,8
891,4,2,1,5587870712,5587970859,8,G,5
892,3,2,4,5590307189,5590372842,5,G,12
893,4,2,1,5590973111,5591173661,12,F,3
894,3,2,4,5592542528,5592674802,3,F,1
895,4,2,1,5594010577,5594109619,1,E,2
896,1,2,2,5595011517,5595077764,2,A,0
897,2,1,2,5595511484,5595778730,0,B,4
898,2,1,2,5603985955,5604254272,4,C,6
899,2,2,3,5605286856,5605421214,6,D,7
900,3,2,4,5605989430,5606122655,7,H,8
901,4,2,1,5608257428,5608491075,8,G,5
902,3,2,4,5609858797,5609926776,5,G,12
903,4,2,1,5610627222,5610760926,12,F,3
904,3,2,4,5611528750,5611594677,3,F,1
905,4,2,1,5612428460,5612460908,1,E,2
906,1,2,2,5613395852,5613529917,2,A,0
907,2,1,2,5614364131,5614664532,0,B,4
908,2,3,4,5623905614,5624506584,4,C,4
909,2,1,2,5625174425,5625643239,4,C,6
910,2,2,3,5626475551,5626675482,6,D,7
911,3,2,4,5628277397,5628444600,7,H,8
912,2,2,3,5630146926,5630179412,8,H,9
913,3,2,4,5631281352,5640087690,9,L,10
914,4,1,4,5643192224,5643560214,10,K,13
915,4,1,4,5644726622,5645627490,13,J,15
916,2,4,1,5646463004,5646696229,15,J,14
917,1,2,2,5647362948,5647696543,14,F,12
918,4,2,1,5700950924,5703219125,12,F,3
919,3,2,4,5703719475,5703819055,3,F,1
920,4,2,1,5705257782,5705455007,1,E,2
921,1,2,2,5712594526,5712761317,2,A,0
922,2,1,2,5713161235,5713462324,0,B,4
923,2,1,2,5714362668,5714663117,4,C,6
924,2,2,3,5715731666,5722938835,6,D,7
925,3,1,3,5725975803,5726342891,7,H,9
926,3,2,4,5728043951,5737481812,9,L,10
927,4,1,4,5740789997,5741190075,10,K,13
928,2,4,1,5742525044,5742725692,13,K,11
929,1,1,1,5743426098,5754903525,11,G,5
930,1,2,2,5756039096,5756538605,5,C,6
931,2,2,3,5765314143,5765582191,6,D,7
932,3,1,3,5767415279,5768416327,7,H,9
933,3,2,4,5769751787,5769852589,9,L,10
934,4,2,1,5771120700,5798914593,10,K,11
935,1,2,2,5804954052,5807623705,11,G,8
936,2,2,3,5811294026,5811728727,8,H,9
937,3,2,4,5813229343,5813395871,9,L,10
938,4,1,4,5814463541,5814863756,10,K,13
939,4,2,1,5815531333,5816464893,13,J,14
940,1,2,2,5818434049,5819201554,14,F,12
941,2,1,2,5820403387,5822071573,12,G,8
942,2,2,3,5836519418,5836952458,8,H,9
943,3,2,4,5838220981,5845894855,9,L,10
944,4,1,4,5849231174,5849632153,10,K,13
945,4,2,1,5850933971,5851134141,13,J,14
946,1,2,2,5853101705,5853436675,14,F,12
947,2,1,2,5855203584,5855672857,12,G,8
948,4,2,1,5859108834,5859307968,8,G,5
949,1,2,2,5859841717,5860142175,5,C,6
950,4,1,4,5861443765,5862276954,6,C,4
951,4,1,4,5866615771,5867050161,4,B,0
952,4,3,2,5868416963,5869351481,0,A,0
953,2,1,2,5870885965,5871320121,0,B,4
954,2,1,2,5872754191,5873089282,4,C,6
955,2,2,3,5875023242,5875223844,6,D,7
956,3,2,4,5876224908,5877058266,7,H,8
957,4,2,1,5881229405,5881430334,8,G,5
958,1,2,2,5883400031,5883700022,5,C,6
959,2,2,3,5889070829,5889238449,6,D,7
960,3,1,3,5890808058,5891206759,7,H,9
961,3,2,4,5892374855,5892474847,9,L,10
962,4,1,4,5894242821,5894944119,10,K,13
963,4,2,1,5896011710,5896244480,13,J,14
964,1,2,2,5899014175,5899214479,14,F,12
965,2,1,2,5902050247,5902350672,12,G,8
966,2,2,3,5903885340,5905921954,8,H,9
967,3,2,4,5906622584,5906755441,9,L,10
968,4,1,4,5907824169,5908089916,10,K,13
969,4,2,1,5909025206,5909258406,13,J,14
970,1,1,1,5910660293,5910958868,14,F,3
971,1,2,2,5911427569,5911760890,3,B,4
972,2,1,2,5913262143,5913496237,4,C,6
973,2,2,3,5914663279,5914862590,6,D,7
974,3,1,3,5915731240,5916263571,7,H,9
975,3,2,4,5918435729,5918566365,9,L,10
976,4,1,4,5919135580,5919401312,10,K,13
977,4,2,1,5921870359,5925540725,13,J,14
978,1,1,1,5928844726,5929077859,14,F,3
979,1,2,2,5930144959,5930379533,3,B,4
980,2,1,2,5931246705,5931747968,4,C,6
981,2,2,3,5932915107,5933114700,6,D,7
982,3,1,3,5933915619,5934250145,7,H,9
983,3,2,4,5936552371,5936685330,9,L,10
984,4,1,4,5937653649,5937954605,10,K,13
985,4,1,4,5939255238,5939688166,13,J,15
986,4,2,1,5941357338,5941423843,15,I,16
987,1,1,1,5943225713,5943492313,16,E,2
988,1,2,2,5949932102,5950166833,2,A,0
989,2,1,2,5950633052,5950898083,0,B,4
990,2,1,2,5951900884,5952201113,4,C,6
991,2,2,3,5953168355,5953368875,6,D,7
992,3,1,3,5954335427,5954636408,7,H,9
993,1,4,4,5956305061,5964280368,9,H,8
994,4,2,1,5974791129,5975156265,8,G,5
995,3,2,4,5977693213,5977759687,5,G,12
996,4,2,1,5978626929,5978660605,12,F,3
997,3,2,4,5978995334,5979161794,3,F,1
998,4,2,1,5979996158,5980096538,1,E,2
999,1,2,2,5988404278,5988604067,2,A,0
1000,2,1,2,5989036963,5989304934,0,B,4
1001,2,1,2,5990305282,5990606718,4,C,6
1002,2,2,3,5991739456,5991873030,6,D,7
1003,3,2,4,5992975906,5993310624,7,H,8
1004,4,2,1,5994910639,5995011039,8,G,5
1005,3,2,4,5996712317,5996745957,5,G,12
1006,4,2,1,5997213721,5997413548,12,F,3
1007,3,2,4,5997980056,5998014374,3,F,1
1008,4,2,1,5999948132,6000016005,1,E,2
1009,1,2,2,6001284155,6001483454,2,A,0
1010,2,1,2,6001918446,6002250862,0,B,4
1011,2,1,2,6003351654,6003619873,4,C,6
1012,2,2,3,6004787766,6004921894,6,D,7
1013,3,1,3,6005887355,6006188746,7,H,9
1014,3,2,4,6008689943,6017499351,9,L,10
1015,4,2,1,6020837138,6021469358,10,K,11
1016,3,2,4,6022303751,6022370470,11,K,13
1017,4,2,1,6031647581,6031780487,13,J,14
1018,3,2,4,6032814926,6032915639,14,J,15
1019,2,4,1,6033982755,6034249485,15,J,14
1020,1,1,1,6035184263,6036251783,14,F,3
1021,3,2,4,6038753636,6039020444,3,F,1
1022,4,2,1,6039656295,6039856667,1,E,2
1023,1,2,2,6040989320,6041157327,2,A,0
1024,2,1,2,6041558804,6041857240,0,B,4
1025,2,1,2,6043125223,6043390567,4,C,6
1026,2,2,3,6044660416,6048564312,6,D,7
1027,3,1,3,6051668316,6052033986,7,H,9
1028,3,2,4,6053433742,6053535552,9,L,10
1029,4,1,4,6055437002,6055805473,10,K,13
1030,4,1,4,6059076043,6059908876,13,J,15
1031,2,4,1,6060709145,6060942852,15,J,14
1032,1,2,2,6061509519,6089170038,14,F,12
1033,4,2,1,6094942839,6095711156,12,F,3
1034,3,2,4,6096578624,6096645154,3,F,1
1035,2,2,3,6100215441,6100281767,1,F,14
1036,1,2,2,6102484161,6103084940,14,F,12
1037,2,1,2,6104152308,6104520486,12,G,8
1038,2,4,1,6105687049,6106422442,8,H,7
1039,1,4,4,6107524805,6108558020,7,D,6
1040,4,3,2,6124172379,6124807553,6,C,6
1041,2,2,3,6127776283,6127909859,6,D,7
1042,3,2,4,6131580560,6131746527,7,H,8
1043,4,2,1,6152701505,6152901363,8,G,5
1044,3,2,4,6155002702,6155070833,5,G,12
1045,4,1,4,6155671446,6156371327,12,F,1
1046,4,2,1,6157372496,6157473331,1,E,2
1047,1,2,2,6163945760,6164112402,2,A,0
1048,2,1,2,6164513389,6164780591,0,B,4
1049,2,1,2,6173155413,6173488386,4,C,6
1050,2,2,3,6174622411,6174788852,6,D,7
1051,3,1,3,6175723211,6176024180,7,H,9
1052,3,2,4,6177692368,6177825259,9,L,10
1053,4,1,4,6178526228,6178826541,10,K,13
1054,4,2,1,6180294604,6180863074,13,J,14
1055,1,2,2,6182765247,6201849558,14,F,12
1056,2,1,2,6205853622,6206153991,12,G,8
1057,2,2,3,6206922174,6211126875,8,H,9
1058,3,2,4,6214462918,6214595959,9,L,10
1059,4,1,4,6215796587,6216097508,10,K,13
1060,4,2,1,6216732408,6216898061,13,J,14
